id,State,City,Forecast Number,Date,Main Condition,Condition Description,Icon,Low Temperature,High Temperature,Humidity Percentage,Wind MPH,Wind Direction,Rain Inches,Snow Inches,Pressure,Cloud Percent,UTC Timestamp,Timezone Offset
1,Alaska,Anchorage,1,Wed 6/14,Rain,light rain,http://openweathermap.org/img/wn/10d@2x.png,45.88,54.77,65,9,E,0.23,0,1018,55,1686780000,-28800
2,Alaska,Anchorage,2,Thu 6/15,Clouds,overcast clouds,http://openweathermap.org/img/wn/04d@2x.png,46.83,53.46,60,8,E,0,0,1003,100,1686866400,-28800
3,Alaska,Anchorage,3,Fri 6/16,Rain,light rain,http://openweathermap.org/img/wn/10d@2x.png,48.02,53.6,63,7,S,0.23,0,1001,99,1686952800,-28800
4,Alaska,Anchorage,4,Sat 6/17,Rain,moderate rain,http://openweathermap.org/img/wn/10d@2x.png,50.7,57.76,79,3,S,4.37,0,1017,75,1687039200,-28800
5,Alaska,Anchorage,5,Sun 6/18,Clouds,broken clouds,http://openweathermap.org/img/wn/04d@2x.png,51.51,59.65,72,4,S,0,0,1018,51,1687125600,-28800
6,Alaska,Fairbanks,1,Wed 6/14,Clouds,overcast clouds,http://openweathermap.org/img/wn/04d@2x.png,44.47,58.87,52,10,SW,0,0,1017,100,1686776400,-28800
7,Alaska,Fairbanks,2,Thu 6/15,Clouds,few clouds,http://openweathermap.org/img/wn/02d@2x.png,43.29,69.53,28,11,NE,0,0,1003,23,1686862800,-28800
8,Alaska,Fairbanks,3,Fri 6/16,Clouds,overcast clouds,http://openweathermap.org/img/wn/04d@2x.png,50.27,75.18,27,10,N,0,0,997,85,1686949200,-28800
9,Alaska,Fairbanks,4,Sat 6/17,Rain,moderate rain,http://openweathermap.org/img/wn/10d@2x.png,51.33,74.03,37,4,N,6.06,0,1012,96,1687035600,-28800
10,Alaska,Fairbanks,5,Sun 6/18,Rain,light rain,http://openweathermap.org/img/wn/10d@2x.png,49.78,68.95,54,9,SW,1.14,0,1018,98,1687122000,-28800
11,Alaska,Juneau,1,Wed 6/14,Rain,light rain,http://openweathermap.org/img/wn/10d@2x.png,44.15,52.5,73,5,N,0.26,0,1022,85,1686772800,-28800
12,Alaska,Juneau,2,Thu 6/15,Rain,moderate rain,http://openweathermap.org/img/wn/10d@2x.png,44.49,53.2,71,7,NE,13.63,0,1010,100,1686859200,-28800
13,Alaska,Juneau,3,Fri 6/16,Rain,moderate rain,http://openweathermap.org/img/wn/10d@2x.png,45.23,47.55,95,7,E,37.66,0,1008,100,1686945600,-28800
14,Alaska,Juneau,4,Sat 6/17,Rain,moderate rain,http://openweathermap.org/img/wn/10d@2x.png,44.69,54.12,74,4,NW,5.21,0,1013,95,1687032000,-28800
15,Alaska,Juneau,5,Sun 6/18,Clouds,broken clouds,http://openweathermap.org/img/wn/04d@2x.png,45.59,63.27,65,6,N,0,0,1014,72,1687118400,-28800
16,Colorado,Denver/Boulder,1,Wed 6/14,Rain,light rain,http://openweathermap.org/img/wn/10d@2x.png,47.12,73.26,36,9,SW,0.26,0,1006,81,1686769200,-21600
17,Colorado,Denver/Boulder,2,Thu 6/15,Rain,light rain,http://openweathermap.org/img/wn/10d@2x.png,53.82,70.41,51,10,SW,1.87,0,1007,100,1686855600,-21600
18,Colorado,Denver/Boulder,3,Fri 6/16,Rain,heavy intensity rain,http://openweathermap.org/img/wn/10d@2x.png,50.38,66.06,56,12,N,16.66,0,1014,71,1686942000,-21600
19,Colorado,Denver/Boulder,4,Sat 6/17,Rain,light rain,http://openweathermap.org/img/wn/10d@2x.png,48.58,70.32,57,9,SW,1.26,0,1012,79,1687028400,-21600
20,Colorado,Denver/Boulder,5,Sun 6/18,Rain,light rain,http://openweathermap.org/img/wn/10d@2x.png,53.92,83.44,24,12,SW,0.44,0,1007,13,1687114800,-21600
21,Colorado,Grand Junction,1,Wed 6/14,Rain,light rain,http://openweathermap.org/img/wn/10d@2x.png,56.34,81.16,26,16,SW,1.28,0,1007,36,1686769200,-21600
22,Colorado,Grand Junction,2,Thu 6/15,Rain,moderate rain,http://openweathermap.org/img/wn/10d@2x.png,56.91,72.91,48,10,W,5.33,0,1008,92,1686855600,-21600
23,Colorado,Grand Junction,3,Fri 6/16,Rain,moderate rain,http://openweathermap.org/img/wn/10d@2x.png,54.55,76.62,33,16,SE,4,0,1013,100,1686942000,-21600
24,Colorado,Grand Junction,4,Sat 6/17,Rain,light rain,http://openweathermap.org/img/wn/10d@2x.png,53.8,78.3,36,8,SW,2.03,0,1014,27,1687028400,-21600
25,Colorado,Grand Junction,5,Sun 6/18,Clear,sky is clear,http://openweathermap.org/img/wn/01d@2x.png,60.26,87.73,21,17,S,0,0,1009,1,1687114800,-21600
26,Colorado,Pueblo,1,Wed 6/14,Rain,moderate rain,http://openweathermap.org/img/wn/10d@2x.png,48.9,78.6,33,14,W,5.53,0,1008,1,1686765600,-21600
27,Colorado,Pueblo,2,Thu 6/15,Rain,moderate rain,http://openweathermap.org/img/wn/10d@2x.png,58.8,78.89,37,15,SW,4.63,0,1005,73,1686852000,-21600
28,Colorado,Pueblo,3,Fri 6/16,Rain,heavy intensity rain,http://openweathermap.org/img/wn/10d@2x.png,57.99,77.13,43,17,N,18.57,0,1011,2,1686938400,-21600
29,Colorado,Pueblo,4,Sat 6/17,Rain,light rain,http://openweathermap.org/img/wn/10d@2x.png,56.01,71.8,38,25,N,0.91,0,1009,84,1687024800,-21600
30,Colorado,Pueblo,5,Sun 6/18,Rain,light rain,http://openweathermap.org/img/wn/10d@2x.png,58.23,87.89,24,10,SE,0.13,0,1008,0,1687111200,-21600
31,Illinois,Chicago,1,Wed 6/14,Clouds,broken clouds,http://openweathermap.org/img/wn/04d@2x.png,57.34,78.58,58,7,NW,0,0,1006,75,1686762000,-18000
32,Illinois,Chicago,2,Thu 6/15,Rain,moderate rain,http://openweathermap.org/img/wn/10d@2x.png,58.51,80.67,55,11,NE,6.37,0,1007,44,1686848400,-18000
33,Illinois,Chicago,3,Fri 6/16,Clear,sky is clear,http://openweathermap.org/img/wn/01d@2x.png,54.21,76.64,50,11,NE,0,0,1014,0,1686934800,-18000
34,Illinois,Chicago,4,Sat 6/17,Clear,sky is clear,http://openweathermap.org/img/wn/01d@2x.png,57.09,78.6,28,7,NE,0,0,1014,0,1687021200,-18000
35,Illinois,Chicago,5,Sun 6/18,Clouds,overcast clouds,http://openweathermap.org/img/wn/04d@2x.png,56.03,82.31,43,9,NE,0,0,1010,98,1687107600,-18000
36,Illinois,Lincoln,1,Wed 6/14,Rain,light rain,http://openweathermap.org/img/wn/10d@2x.png,61.68,80.1,49,8,W,0.19,0,1006,96,1686762000,-18000
37,Illinois,Lincoln,2,Thu 6/15,Clear,sky is clear,http://openweathermap.org/img/wn/01d@2x.png,60.78,84.58,50,9,NE,0,0,1008,1,1686848400,-18000
38,Illinois,Lincoln,3,Fri 6/16,Clouds,scattered clouds,http://openweathermap.org/img/wn/03d@2x.png,57.67,78.85,51,9,NE,0,0,1013,32,1686934800,-18000
39,Illinois,Lincoln,4,Sat 6/17,Clouds,broken clouds,http://openweathermap.org/img/wn/04d@2x.png,57.6,80.01,45,8,NE,0,0,1013,71,1687021200,-18000
40,Illinois,Lincoln,5,Sun 6/18,Rain,light rain,http://openweathermap.org/img/wn/10d@2x.png,59.76,71.71,69,10,SE,2.36,0,1009,100,1687107600,-18000
41,Indiana,Indianapolis,1,Wed 6/14,Rain,light rain,http://openweathermap.org/img/wn/10d@2x.png,61.03,74.64,57,13,SW,0.28,0,1005,52,1686762000,-14400
42,Indiana,Indianapolis,2,Thu 6/15,Rain,light rain,http://openweathermap.org/img/wn/10d@2x.png,59.25,82.9,48,10,N,1.02,0,1008,27,1686848400,-14400
43,Indiana,Indianapolis,3,Fri 6/16,Rain,light rain,http://openweathermap.org/img/wn/10d@2x.png,57.92,78.64,43,8,N,0.22,0,1012,0,1686934800,-14400
44,Indiana,Indianapolis,4,Sat 6/17,Clear,sky is clear,http://openweathermap.org/img/wn/01d@2x.png,60.91,82.24,39,5,NE,0,0,1013,10,1687021200,-14400
45,Indiana,Indianapolis,5,Sun 6/18,Clouds,overcast clouds,http://openweathermap.org/img/wn/04d@2x.png,62.82,81.57,38,10,NE,0,0,1010,100,1687107600,-14400
46,Indiana,Northern Indiana,1,Wed 6/14,Rain,light rain,http://openweathermap.org/img/wn/10d@2x.png,54.32,71.94,61,13,W,0.15,0,1005,68,1686762000,-14400
47,Indiana,Northern Indiana,2,Thu 6/15,Rain,light rain,http://openweathermap.org/img/wn/10d@2x.png,53.65,74.3,61,16,W,1.47,0,1006,78,1686848400,-14400
48,Indiana,Northern Indiana,3,Fri 6/16,Clear,sky is clear,http://openweathermap.org/img/wn/01d@2x.png,50.4,74.48,55,11,NW,0,0,1012,4,1686934800,-14400
49,Indiana,Northern Indiana,4,Sat 6/17,Clear,sky is clear,http://openweathermap.org/img/wn/01d@2x.png,52.25,77.36,44,7,N,0,0,1013,0,1687021200,-14400
50,Indiana,Northern Indiana,5,Sun 6/18,Clouds,broken clouds,http://openweathermap.org/img/wn/04d@2x.png,56.57,78.78,46,10,E,0,0,1011,64,1687107600,-14400
51,Iowa,Davenport/Quad Cities,1,Wed 6/14,Clouds,overcast clouds,http://openweathermap.org/img/wn/04d@2x.png,62.92,80.62,41,7,W,0,0,1006,88,1686765600,-18000
52,Iowa,Davenport/Quad Cities,2,Thu 6/15,Clouds,few clouds,http://openweathermap.org/img/wn/02d@2x.png,60.55,85.66,40,10,N,0,0,1007,18,1686852000,-18000
53,Iowa,Davenport/Quad Cities,3,Fri 6/16,Clouds,few clouds,http://openweathermap.org/img/wn/02d@2x.png,55.63,77.76,50,10,NE,0,0,1014,14,1686938400,-18000
54,Iowa,Davenport/Quad Cities,4,Sat 6/17,Clouds,few clouds,http://openweathermap.org/img/wn/02d@2x.png,56.41,79.39,41,7,E,0,0,1013,11,1687024800,-18000
55,Iowa,Davenport/Quad Cities,5,Sun 6/18,Clouds,overcast clouds,http://openweathermap.org/img/wn/04d@2x.png,57.43,74.23,57,10,E,0,0,1009,100,1687111200,-18000
56,Iowa,Des Moines,1,Wed 6/14,Clouds,broken clouds,http://openweathermap.org/img/wn/04d@2x.png,62.24,84.67,43,9,W,0,0,1005,83,1686765600,-18000
57,Iowa,Des Moines,2,Thu 6/15,Clear,sky is clear,http://openweathermap.org/img/wn/01d@2x.png,61.65,86.54,40,8,W,0,0,1007,5,1686852000,-18000
58,Iowa,Des Moines,3,Fri 6/16,Rain,light rain,http://openweathermap.org/img/wn/10d@2x.png,62.28,82.98,58,10,E,2.64,0,1011,10,1686938400,-18000
59,Iowa,Des Moines,4,Sat 6/17,Rain,moderate rain,http://openweathermap.org/img/wn/10d@2x.png,62.91,80.28,57,11,SE,11.07,0,1011,21,1687024800,-18000
60,Iowa,Des Moines,5,Sun 6/18,Rain,heavy intensity rain,http://openweathermap.org/img/wn/10d@2x.png,62.91,77.32,62,9,E,16.82,0,1009,100,1687111200,-18000
61,Kansas,Dodge City,1,Wed 6/14,Clear,sky is clear,http://openweathermap.org/img/wn/01d@2x.png,53.87,79.38,44,9,NW,0,0,1007,4,1686765600,-18000
62,Kansas,Dodge City,2,Thu 6/15,Rain,heavy intensity rain,http://openweathermap.org/img/wn/10d@2x.png,61.45,86.14,35,18,E,10.83,0,1007,2,1686852000,-18000
63,Kansas,Dodge City,3,Fri 6/16,Rain,moderate rain,http://openweathermap.org/img/wn/10d@2x.png,61,83.89,47,12,NW,3.53,0,1010,1,1686938400,-18000
64,Kansas,Dodge City,4,Sat 6/17,Rain,heavy intensity rain,http://openweathermap.org/img/wn/10d@2x.png,56.84,77.38,60,25,NW,26.24,0,1010,14,1687024800,-18000
65,Kansas,Dodge City,5,Sun 6/18,Clear,sky is clear,http://openweathermap.org/img/wn/01d@2x.png,61.16,88.29,36,10,SE,0,0,1009,1,1687111200,-18000
66,Kansas,Goodland,1,Wed 6/14,Clear,sky is clear,http://openweathermap.org/img/wn/01d@2x.png,53.37,79.54,36,10,SE,0,0,1007,2,1686765600,-21600
67,Kansas,Goodland,2,Thu 6/15,Rain,heavy intensity rain,http://openweathermap.org/img/wn/10d@2x.png,59.68,82.26,36,17,SE,14.22,0,1006,51,1686852000,-21600
68,Kansas,Goodland,3,Fri 6/16,Rain,light rain,http://openweathermap.org/img/wn/10d@2x.png,56.8,75.85,52,22,NW,1,0,1011,1,1686938400,-21600
69,Kansas,Goodland,4,Sat 6/17,Rain,light rain,http://openweathermap.org/img/wn/10d@2x.png,52.21,69.57,58,13,N,4.43,0,1012,43,1687024800,-21600
70,Kansas,Goodland,5,Sun 6/18,Clear,sky is clear,http://openweathermap.org/img/wn/01d@2x.png,58.6,87.75,23,11,W,0,0,1007,5,1687111200,-21600
71,Kansas,Topeka,1,Wed 6/14,Clear,sky is clear,http://openweathermap.org/img/wn/01d@2x.png,63,82.78,45,8,S,0,0,1007,5,1686765600,-18000
72,Kansas,Topeka,2,Thu 6/15,Clear,sky is clear,http://openweathermap.org/img/wn/01d@2x.png,62.55,85.96,43,8,E,0,0,1008,1,1686852000,-18000
73,Kansas,Topeka,3,Fri 6/16,Clouds,overcast clouds,http://openweathermap.org/img/wn/04d@2x.png,65.01,82.85,53,10,E,0,0,1010,100,1686938400,-18000
74,Kansas,Topeka,4,Sat 6/17,Rain,heavy intensity rain,http://openweathermap.org/img/wn/10d@2x.png,63.79,86.77,55,18,SE,20.71,0,1010,49,1687024800,-18000
75,Kansas,Topeka,5,Sun 6/18,Rain,light rain,http://openweathermap.org/img/wn/10d@2x.png,63.03,82.94,58,10,NW,2.53,0,1008,70,1687111200,-18000
76,Kansas,Wichita,1,Wed 6/14,Rain,moderate rain,http://openweathermap.org/img/wn/10d@2x.png,61.72,84.31,45,7,E,4.76,0,1006,50,1686765600,-18000
77,Kansas,Wichita,2,Thu 6/15,Clear,sky is clear,http://openweathermap.org/img/wn/01d@2x.png,66.33,89.35,34,12,E,0,0,1007,0,1686852000,-18000
78,Kansas,Wichita,3,Fri 6/16,Rain,heavy intensity rain,http://openweathermap.org/img/wn/10d@2x.png,64.13,86.5,52,18,NE,27.23,0,1009,52,1686938400,-18000
79,Kansas,Wichita,4,Sat 6/17,Rain,heavy intensity rain,http://openweathermap.org/img/wn/10d@2x.png,65.55,90.12,48,15,SW,15.05,0,1009,79,1687024800,-18000
80,Kansas,Wichita,5,Sun 6/18,Rain,light rain,http://openweathermap.org/img/wn/10d@2x.png,65.48,87.76,37,12,NW,0.3,0,1009,0,1687111200,-18000
81,Kentucky,Jackson,1,Wed 6/14,Rain,moderate rain,http://openweathermap.org/img/wn/10d@2x.png,60.39,78.8,41,14,SW,3.61,0,1005,28,1686762000,-14400
82,Kentucky,Jackson,2,Thu 6/15,Clouds,overcast clouds,http://openweathermap.org/img/wn/04d@2x.png,59.14,82.76,48,9,NW,0,0,1008,98,1686848400,-14400
83,Kentucky,Jackson,3,Fri 6/16,Rain,light rain,http://openweathermap.org/img/wn/10d@2x.png,58.51,81.54,62,12,NW,1.97,0,1010,29,1686934800,-14400
84,Kentucky,Jackson,4,Sat 6/17,Clouds,broken clouds,http://openweathermap.org/img/wn/04d@2x.png,54.1,80.96,36,5,NE,0,0,1012,71,1687021200,-14400
85,Kentucky,Jackson,5,Sun 6/18,Rain,moderate rain,http://openweathermap.org/img/wn/10d@2x.png,55.02,86.67,34,5,E,11.88,0,1009,42,1687107600,-14400
86,Kentucky,Louisville,1,Wed 6/14,Clouds,scattered clouds,http://openweathermap.org/img/wn/03d@2x.png,63.57,81.66,46,12,W,0,0,1005,26,1686762000,-14400
87,Kentucky,Louisville,2,Thu 6/15,Clouds,broken clouds,http://openweathermap.org/img/wn/04d@2x.png,59.54,83.8,42,6,W,0,0,1008,75,1686848400,-14400
88,Kentucky,Louisville,3,Fri 6/16,Rain,light rain,http://openweathermap.org/img/wn/10d@2x.png,61.56,81.79,44,10,NW,0.17,0,1011,24,1686934800,-14400
89,Kentucky,Louisville,4,Sat 6/17,Clouds,overcast clouds,http://openweathermap.org/img/wn/04d@2x.png,57.7,81.82,38,6,NE,0,0,1012,89,1687021200,-14400
90,Kentucky,Louisville,5,Sun 6/18,Rain,light rain,http://openweathermap.org/img/wn/10d@2x.png,59.32,84.87,36,8,E,0.17,0,1008,89,1687107600,-14400
91,Kentucky,Paducah,1,Wed 6/14,Clouds,broken clouds,http://openweathermap.org/img/wn/04d@2x.png,60.46,81.77,61,8,S,0,0,1007,56,1686762000,-18000
92,Kentucky,Paducah,2,Thu 6/15,Clear,sky is clear,http://openweathermap.org/img/wn/01d@2x.png,61.92,86.81,51,6,NW,0,0,1008,0,1686848400,-18000
93,Kentucky,Paducah,3,Fri 6/16,Rain,moderate rain,http://openweathermap.org/img/wn/10d@2x.png,67.26,88.14,55,11,SW,7.34,0,1011,51,1686934800,-18000
94,Kentucky,Paducah,4,Sat 6/17,Rain,light rain,http://openweathermap.org/img/wn/10d@2x.png,65.46,82.89,62,7,NE,0.17,0,1011,80,1687021200,-18000
95,Kentucky,Paducah,5,Sun 6/18,Rain,heavy intensity rain,http://openweathermap.org/img/wn/10d@2x.png,66.24,80.62,64,8,NE,18,0,1007,100,1687107600,-18000
96,Michigan,Detroit/Pontiac,1,Wed 6/14,Clouds,scattered clouds,http://openweathermap.org/img/wn/03d@2x.png,48.58,71.01,53,11,NW,0,0,1003,39,1686762000,-14400
97,Michigan,Detroit/Pontiac,2,Thu 6/15,Rain,moderate rain,http://openweathermap.org/img/wn/10d@2x.png,53.1,68.67,70,12,NW,5.9,0,1005,100,1686848400,-14400
98,Michigan,Detroit/Pontiac,3,Fri 6/16,Clouds,scattered clouds,http://openweathermap.org/img/wn/03d@2x.png,51.44,72.27,55,14,N,0,0,1011,42,1686934800,-14400
99,Michigan,Detroit/Pontiac,4,Sat 6/17,Clear,sky is clear,http://openweathermap.org/img/wn/01d@2x.png,53.13,75.52,35,9,NW,0,0,1013,0,1687021200,-14400
100,Michigan,Detroit/Pontiac,5,Sun 6/18,Clear,sky is clear,http://openweathermap.org/img/wn/01d@2x.png,55.8,79.16,30,7,E,0,0,1012,8,1687107600,-14400
101,Michigan,Gaylord,1,Wed 6/14,Clouds,broken clouds,http://openweathermap.org/img/wn/04d@2x.png,44.69,69.67,50,9,NW,0,0,1003,56,1686762000,-14400
102,Michigan,Gaylord,2,Thu 6/15,Rain,moderate rain,http://openweathermap.org/img/wn/10d@2x.png,51.28,61.56,98,9,N,12.04,0,1006,100,1686848400,-14400
103,Michigan,Gaylord,3,Fri 6/16,Clear,sky is clear,http://openweathermap.org/img/wn/01d@2x.png,47.39,72.05,44,11,NW,0,0,1012,1,1686934800,-14400
104,Michigan,Gaylord,4,Sat 6/17,Clear,sky is clear,http://openweathermap.org/img/wn/01d@2x.png,48.15,73.27,30,10,NW,0,0,1013,2,1687021200,-14400
105,Michigan,Gaylord,5,Sun 6/18,Clouds,scattered clouds,http://openweathermap.org/img/wn/03d@2x.png,51.55,80.01,30,10,NE,0,0,1011,47,1687107600,-14400
106,Michigan,Grand Rapids,1,Wed 6/14,Clear,sky is clear,http://openweathermap.org/img/wn/01d@2x.png,49.44,73.11,49,13,W,0,0,1004,5,1686762000,-14400
107,Michigan,Grand Rapids,2,Thu 6/15,Rain,moderate rain,http://openweathermap.org/img/wn/10d@2x.png,51.78,75.02,70,15,W,1.79,0,1005,91,1686848400,-14400
108,Michigan,Grand Rapids,3,Fri 6/16,Clear,sky is clear,http://openweathermap.org/img/wn/01d@2x.png,50.32,76.64,46,13,W,0,0,1012,0,1686934800,-14400
109,Michigan,Grand Rapids,4,Sat 6/17,Clear,sky is clear,http://openweathermap.org/img/wn/01d@2x.png,50.14,79.47,33,8,N,0,0,1013,0,1687021200,-14400
110,Michigan,Grand Rapids,5,Sun 6/18,Clouds,scattered clouds,http://openweathermap.org/img/wn/03d@2x.png,54.34,82.24,34,7,E,0,0,1011,38,1687107600,-14400
111,Michigan,Marquette,1,Wed 6/14,Clear,sky is clear,http://openweathermap.org/img/wn/01d@2x.png,48.9,67.73,54,10,N,0,0,1004,7,1686762000,-14400
112,Michigan,Marquette,2,Thu 6/15,Clouds,few clouds,http://openweathermap.org/img/wn/02d@2x.png,42.03,57.63,53,12,N,0,0,1011,20,1686848400,-14400
113,Michigan,Marquette,3,Fri 6/16,Clear,sky is clear,http://openweathermap.org/img/wn/01d@2x.png,46.9,67.01,45,9,N,0,0,1016,0,1686934800,-14400
114,Michigan,Marquette,4,Sat 6/17,Clouds,few clouds,http://openweathermap.org/img/wn/02d@2x.png,47.57,73.71,31,7,NE,0,0,1013,19,1687021200,-14400
115,Michigan,Marquette,5,Sun 6/18,Clouds,broken clouds,http://openweathermap.org/img/wn/04d@2x.png,54.77,79.36,42,8,SE,0,0,1010,78,1687107600,-14400
116,Minnesota,Duluth,1,Wed 6/14,Clouds,scattered clouds,http://openweathermap.org/img/wn/03d@2x.png,50.14,72.93,43,8,NW,0,0,1005,30,1686765600,-18000
117,Minnesota,Duluth,2,Thu 6/15,Clouds,overcast clouds,http://openweathermap.org/img/wn/04d@2x.png,44.4,59.72,46,10,E,0,0,1012,100,1686852000,-18000
118,Minnesota,Duluth,3,Fri 6/16,Clear,sky is clear,http://openweathermap.org/img/wn/01d@2x.png,40.93,67.35,48,7,E,0,0,1016,2,1686938400,-18000
119,Minnesota,Duluth,4,Sat 6/17,Rain,light rain,http://openweathermap.org/img/wn/10d@2x.png,47.53,73.83,45,6,E,1.35,0,1011,28,1687024800,-18000
120,Minnesota,Duluth,5,Sun 6/18,Rain,light rain,http://openweathermap.org/img/wn/10d@2x.png,50.36,65.79,69,6,E,4.36,0,1010,100,1687111200,-18000
121,Minnesota,Chanhassen/Twin Cities,1,Wed 6/14,Clear,sky is clear,http://openweathermap.org/img/wn/01d@2x.png,59.4,82.09,42,7,W,0,0,1005,0,1686765600,-18000
122,Minnesota,Chanhassen/Twin Cities,2,Thu 6/15,Clouds,few clouds,http://openweathermap.org/img/wn/02d@2x.png,60.75,78.35,44,12,NE,0,0,1008,23,1686852000,-18000
123,Minnesota,Chanhassen/Twin Cities,3,Fri 6/16,Clear,sky is clear,http://openweathermap.org/img/wn/01d@2x.png,50.58,78.26,40,9,NE,0,0,1014,2,1686938400,-18000
124,Minnesota,Chanhassen/Twin Cities,4,Sat 6/17,Rain,light rain,http://openweathermap.org/img/wn/10d@2x.png,61.12,78.04,65,13,SW,6.94,0,1010,69,1687024800,-18000
125,Minnesota,Chanhassen/Twin Cities,5,Sun 6/18,Rain,light rain,http://openweathermap.org/img/wn/10d@2x.png,61.27,76.89,81,8,SE,2.86,0,1010,100,1687111200,-18000
126,Missouri,Kansas City/Pleasant Hill,1,Wed 6/14,Clouds,few clouds,http://openweathermap.org/img/wn/02d@2x.png,59.54,82.58,42,5,SW,0,0,1007,12,1686765600,-18000
127,Missouri,Kansas City/Pleasant Hill,2,Thu 6/15,Clear,sky is clear,http://openweathermap.org/img/wn/01d@2x.png,59.27,85.71,40,5,NE,0,0,1009,0,1686852000,-18000
128,Missouri,Kansas City/Pleasant Hill,3,Fri 6/16,Rain,moderate rain,http://openweathermap.org/img/wn/10d@2x.png,63.36,78.24,64,10,E,4.15,0,1009,100,1686938400,-18000
129,Missouri,Kansas City/Pleasant Hill,4,Sat 6/17,Rain,heavy intensity rain,http://openweathermap.org/img/wn/10d@2x.png,62.58,86.81,55,23,W,18.33,0,1011,21,1687024800,-18000
130,Missouri,Kansas City/Pleasant Hill,5,Sun 6/18,Rain,moderate rain,http://openweathermap.org/img/wn/10d@2x.png,60.57,78.78,68,9,NW,5.09,0,1008,98,1687111200,-18000
131,Missouri,Springfield,1,Wed 6/14,Rain,light rain,http://openweathermap.org/img/wn/10d@2x.png,60.31,81.57,45,6,SE,1.1,0,1008,98,1686765600,-18000
132,Missouri,Springfield,2,Thu 6/15,Clear,sky is clear,http://openweathermap.org/img/wn/01d@2x.png,60.39,85.26,44,4,S,0,0,1009,0,1686852000,-18000
133,Missouri,Springfield,3,Fri 6/16,Rain,moderate rain,http://openweathermap.org/img/wn/10d@2x.png,64.17,82.36,70,13,SW,2.64,0,1010,100,1686938400,-18000
134,Missouri,Springfield,4,Sat 6/17,Rain,light rain,http://openweathermap.org/img/wn/10d@2x.png,64.92,86.81,55,8,E,0.13,0,1010,68,1687024800,-18000
135,Missouri,Springfield,5,Sun 6/18,Rain,moderate rain,http://openweathermap.org/img/wn/10d@2x.png,61.61,79.79,57,13,W,9.45,0,1007,30,1687111200,-18000
136,Missouri,St. Louis,1,Wed 6/14,Rain,light rain,http://openweathermap.org/img/wn/10d@2x.png,61.48,84.45,39,12,N,0.15,0,1006,23,1686765600,-18000
137,Missouri,St. Louis,2,Thu 6/15,Clear,sky is clear,http://openweathermap.org/img/wn/01d@2x.png,61.77,85.96,41,8,NW,0,0,1008,0,1686852000,-18000
138,Missouri,St. Louis,3,Fri 6/16,Rain,light rain,http://openweathermap.org/img/wn/10d@2x.png,65.43,87.8,43,12,NE,0.73,0,1010,65,1686938400,-18000
139,Missouri,St. Louis,4,Sat 6/17,Rain,light rain,http://openweathermap.org/img/wn/10d@2x.png,67.84,86.49,41,7,NE,0.1,0,1012,9,1687024800,-18000
140,Missouri,St. Louis,5,Sun 6/18,Rain,moderate rain,http://openweathermap.org/img/wn/10d@2x.png,64.18,74.68,83,8,E,18.53,0,1008,100,1687111200,-18000
141,Nebraska,Hastings,1,Wed 6/14,Clouds,overcast clouds,http://openweathermap.org/img/wn/04d@2x.png,57.88,81.7,44,7,S,0,0,1007,98,1686765600,-18000
142,Nebraska,Hastings,2,Thu 6/15,Clear,sky is clear,http://openweathermap.org/img/wn/01d@2x.png,61.16,86.29,38,10,S,0,0,1007,7,1686852000,-18000
143,Nebraska,Hastings,3,Fri 6/16,Rain,moderate rain,http://openweathermap.org/img/wn/10d@2x.png,60.35,81.99,48,17,NW,5.51,0,1010,99,1686938400,-18000
144,Nebraska,Hastings,4,Sat 6/17,Rain,heavy intensity rain,http://openweathermap.org/img/wn/10d@2x.png,60.39,68,90,13,NW,24.8,0,1012,100,1687024800,-18000
145,Nebraska,Hastings,5,Sun 6/18,Clear,sky is clear,http://openweathermap.org/img/wn/01d@2x.png,57.78,84.99,46,10,E,0,0,1008,1,1687111200,-18000
146,Nebraska,North Platte,1,Wed 6/14,Clouds,few clouds,http://openweathermap.org/img/wn/02d@2x.png,46.26,80.73,38,10,SE,0,0,1006,18,1686765600,-18000
147,Nebraska,North Platte,2,Thu 6/15,Rain,moderate rain,http://openweathermap.org/img/wn/10d@2x.png,60.58,84.33,36,19,SW,4.62,0,1006,9,1686852000,-18000
148,Nebraska,North Platte,3,Fri 6/16,Rain,heavy intensity rain,http://openweathermap.org/img/wn/10d@2x.png,53.91,75.99,58,24,NW,19.96,0,1011,93,1686938400,-18000
149,Nebraska,North Platte,4,Sat 6/17,Clouds,overcast clouds,http://openweathermap.org/img/wn/04d@2x.png,52.52,71.46,60,10,NW,0,0,1012,100,1687024800,-18000
150,Nebraska,North Platte,5,Sun 6/18,Clear,sky is clear,http://openweathermap.org/img/wn/01d@2x.png,59.38,86.43,37,10,E,0,0,1007,8,1687111200,-18000
151,Nebraska,Omaha/Valley,1,Wed 6/14,Clouds,scattered clouds,http://openweathermap.org/img/wn/03d@2x.png,59.61,84.11,33,7,SW,0,0,1006,42,1686765600,-18000
152,Nebraska,Omaha/Valley,2,Thu 6/15,Clear,sky is clear,http://openweathermap.org/img/wn/01d@2x.png,62.92,87.6,37,9,SE,0,0,1007,0,1686852000,-18000
153,Nebraska,Omaha/Valley,3,Fri 6/16,Clear,sky is clear,http://openweathermap.org/img/wn/01d@2x.png,65.35,86.07,38,10,SE,0,0,1010,7,1686938400,-18000
154,Nebraska,Omaha/Valley,4,Sat 6/17,Rain,moderate rain,http://openweathermap.org/img/wn/10d@2x.png,63.73,74.86,77,8,NE,19.82,0,1011,100,1687024800,-18000
155,Nebraska,Omaha/Valley,5,Sun 6/18,Rain,light rain,http://openweathermap.org/img/wn/10d@2x.png,62.06,82,60,9,E,0.7,0,1008,78,1687111200,-18000
156,North Dakota,Bismarck,1,Wed 6/14,Clouds,few clouds,http://openweathermap.org/img/wn/02d@2x.png,58.15,83.07,44,14,E,0,0,1005,21,1686765600,-18000
157,North Dakota,Bismarck,2,Thu 6/15,Rain,moderate rain,http://openweathermap.org/img/wn/10d@2x.png,59.5,84,41,18,NW,4.84,0,1006,45,1686852000,-18000
158,North Dakota,Bismarck,3,Fri 6/16,Rain,heavy intensity rain,http://openweathermap.org/img/wn/10d@2x.png,54.97,64.22,62,14,NW,15.43,0,1015,100,1686938400,-18000
159,North Dakota,Bismarck,4,Sat 6/17,Clouds,broken clouds,http://openweathermap.org/img/wn/04d@2x.png,53.78,74.97,49,4,E,0,0,1010,71,1687024800,-18000
160,North Dakota,Bismarck,5,Sun 6/18,Clouds,scattered clouds,http://openweathermap.org/img/wn/03d@2x.png,55.58,82.69,45,12,SE,0,0,1006,48,1687111200,-18000
161,North Dakota,Grand Forks,1,Wed 6/14,Clouds,few clouds,http://openweathermap.org/img/wn/02d@2x.png,57.88,76.06,55,9,N,0,0,1007,18,1686765600,-18000
162,North Dakota,Grand Forks,2,Thu 6/15,Clouds,scattered clouds,http://openweathermap.org/img/wn/03d@2x.png,51.93,75.31,52,10,E,0,0,1010,32,1686852000,-18000
163,North Dakota,Grand Forks,3,Fri 6/16,Clouds,overcast clouds,http://openweathermap.org/img/wn/04d@2x.png,54.1,68.4,61,11,NW,0,0,1014,95,1686938400,-18000
164,North Dakota,Grand Forks,4,Sat 6/17,Rain,light rain,http://openweathermap.org/img/wn/10d@2x.png,59.04,65.43,78,6,NW,0.53,0,1011,100,1687024800,-18000
165,North Dakota,Grand Forks,5,Sun 6/18,Clouds,few clouds,http://openweathermap.org/img/wn/02d@2x.png,56.57,79.12,53,8,SE,0,0,1007,20,1687111200,-18000
166,South Dakota,Aberdeen,1,Wed 6/14,Clear,sky is clear,http://openweathermap.org/img/wn/01d@2x.png,60.22,82.38,49,9,NE,0,0,1005,3,1686765600,-18000
167,South Dakota,Aberdeen,2,Thu 6/15,Clouds,few clouds,http://openweathermap.org/img/wn/02d@2x.png,59.34,84.4,46,10,E,0,0,1006,13,1686852000,-18000
168,South Dakota,Aberdeen,3,Fri 6/16,Rain,moderate rain,http://openweathermap.org/img/wn/10d@2x.png,57.88,74.3,69,16,NW,7.71,0,1011,86,1686938400,-18000
169,South Dakota,Aberdeen,4,Sat 6/17,Rain,light rain,http://openweathermap.org/img/wn/10d@2x.png,58.05,71.53,65,7,W,0.9,0,1010,100,1687024800,-18000
170,South Dakota,Aberdeen,5,Sun 6/18,Clouds,broken clouds,http://openweathermap.org/img/wn/04d@2x.png,55.58,79.3,48,5,SW,0,0,1008,57,1687111200,-18000
171,South Dakota,Rapid City,1,Wed 6/14,Clouds,few clouds,http://openweathermap.org/img/wn/02d@2x.png,57.49,80.31,40,19,SE,0,0,1004,16,1686765600,-21600
172,South Dakota,Rapid City,2,Thu 6/15,Rain,heavy intensity rain,http://openweathermap.org/img/wn/10d@2x.png,57.56,71.89,62,21,W,9.83,0,1007,79,1686852000,-21600
173,South Dakota,Rapid City,3,Fri 6/16,Rain,moderate rain,http://openweathermap.org/img/wn/10d@2x.png,49.66,58.91,68,19,NW,4.04,0,1018,100,1686938400,-21600
174,South Dakota,Rapid City,4,Sat 6/17,Clouds,broken clouds,http://openweathermap.org/img/wn/04d@2x.png,47.91,72.77,47,8,E,0,0,1010,62,1687024800,-21600
175,South Dakota,Rapid City,5,Sun 6/18,Clouds,scattered clouds,http://openweathermap.org/img/wn/03d@2x.png,57.34,85.39,36,16,SE,0,0,1004,47,1687111200,-21600
176,South Dakota,Sioux Falls,1,Wed 6/14,Clear,sky is clear,http://openweathermap.org/img/wn/01d@2x.png,60.26,82.65,46,6,W,0,0,1006,0,1686765600,-18000
177,South Dakota,Sioux Falls,2,Thu 6/15,Clear,sky is clear,http://openweathermap.org/img/wn/01d@2x.png,61.39,83.77,41,11,NE,0,0,1007,4,1686852000,-18000
178,South Dakota,Sioux Falls,3,Fri 6/16,Rain,moderate rain,http://openweathermap.org/img/wn/10d@2x.png,62.37,77.4,63,14,E,7.39,0,1011,40,1686938400,-18000
179,South Dakota,Sioux Falls,4,Sat 6/17,Rain,moderate rain,http://openweathermap.org/img/wn/10d@2x.png,60.37,71.65,72,9,SW,7.22,0,1011,100,1687024800,-18000
180,South Dakota,Sioux Falls,5,Sun 6/18,Rain,light rain,http://openweathermap.org/img/wn/10d@2x.png,60.1,78.69,59,7,E,0.45,0,1008,50,1687111200,-18000
181,Wisconsin,Green Bay,1,Wed 6/14,Rain,light rain,http://openweathermap.org/img/wn/10d@2x.png,51.93,75.42,67,8,S,1.85,0,1004,41,1686762000,-18000
182,Wisconsin,Green Bay,2,Thu 6/15,Rain,light rain,http://openweathermap.org/img/wn/10d@2x.png,50.67,67.5,60,12,N,0.6,0,1008,63,1686848400,-18000
183,Wisconsin,Green Bay,3,Fri 6/16,Clear,sky is clear,http://openweathermap.org/img/wn/01d@2x.png,47.39,70.74,60,7,N,0,0,1015,0,1686934800,-18000
184,Wisconsin,Green Bay,4,Sat 6/17,Clear,sky is clear,http://openweathermap.org/img/wn/01d@2x.png,54.61,75.9,58,8,SE,0,0,1013,1,1687021200,-18000
185,Wisconsin,Green Bay,5,Sun 6/18,Clouds,few clouds,http://openweathermap.org/img/wn/02d@2x.png,58.78,75.92,54,9,E,0,0,1011,24,1687107600,-18000
186,Wisconsin,La Crosse,1,Wed 6/14,Clear,sky is clear,http://openweathermap.org/img/wn/01d@2x.png,58.44,80.96,52,8,W,0,0,1005,2,1686765600,-18000
187,Wisconsin,La Crosse,2,Thu 6/15,Clouds,broken clouds,http://openweathermap.org/img/wn/04d@2x.png,55.54,76.77,57,9,N,0,0,1008,75,1686852000,-18000
188,Wisconsin,La Crosse,3,Fri 6/16,Clear,sky is clear,http://openweathermap.org/img/wn/01d@2x.png,49.08,75.85,48,7,E,0,0,1015,4,1686938400,-18000
189,Wisconsin,La Crosse,4,Sat 6/17,Clear,sky is clear,http://openweathermap.org/img/wn/01d@2x.png,54.01,80.96,52,7,SE,0,0,1013,4,1687024800,-18000
190,Wisconsin,La Crosse,5,Sun 6/18,Clouds,overcast clouds,http://openweathermap.org/img/wn/04d@2x.png,57.31,79.95,42,7,E,0,0,1010,94,1687111200,-18000
191,Wisconsin,Milwaukee/Sullivan,1,Wed 6/14,Rain,light rain,http://openweathermap.org/img/wn/10d@2x.png,52.66,76.39,68,7,S,0.71,0,1005,81,1686762000,-18000
192,Wisconsin,Milwaukee/Sullivan,2,Thu 6/15,Rain,light rain,http://openweathermap.org/img/wn/10d@2x.png,50.41,72.27,62,11,NE,0.67,0,1008,100,1686848400,-18000
193,Wisconsin,Milwaukee/Sullivan,3,Fri 6/16,Clear,sky is clear,http://openweathermap.org/img/wn/01d@2x.png,48.2,72.97,57,8,NE,0,0,1015,0,1686934800,-18000
194,Wisconsin,Milwaukee/Sullivan,4,Sat 6/17,Clear,sky is clear,http://openweathermap.org/img/wn/01d@2x.png,53.06,77.32,52,7,E,0,0,1014,0,1687021200,-18000
195,Wisconsin,Milwaukee/Sullivan,5,Sun 6/18,Clouds,broken clouds,http://openweathermap.org/img/wn/04d@2x.png,54.66,76.3,50,10,E,0,0,1011,68,1687107600,-18000
196,Wyoming,Cheyenne,1,Wed 6/14,Rain,light rain,http://openweathermap.org/img/wn/10d@2x.png,46.81,69.51,38,14,S,0.96,0,1006,20,1686765600,-21600
197,Wyoming,Cheyenne,2,Thu 6/15,Rain,moderate rain,http://openweathermap.org/img/wn/10d@2x.png,51.17,65.32,51,13,NW,10.29,0,1006,97,1686852000,-21600
198,Wyoming,Cheyenne,3,Fri 6/16,Rain,light rain,http://openweathermap.org/img/wn/10d@2x.png,47.08,56.61,78,21,NW,0.31,0,1018,80,1686938400,-21600
199,Wyoming,Cheyenne,4,Sat 6/17,Rain,light rain,http://openweathermap.org/img/wn/10d@2x.png,45.9,69.35,41,16,W,0.48,0,1010,99,1687028400,-21600
200,Wyoming,Cheyenne,5,Sun 6/18,Clear,sky is clear,http://openweathermap.org/img/wn/01d@2x.png,52.66,79.97,27,16,SW,0,0,1007,5,1687114800,-21600
201,Wyoming,Riverton,1,Wed 6/14,Rain,light rain,http://openweathermap.org/img/wn/10d@2x.png,52.23,75.87,30,10,S,0.63,0,1002,12,1686769200,-21600
202,Wyoming,Riverton,2,Thu 6/15,Rain,heavy intensity rain,http://openweathermap.org/img/wn/10d@2x.png,51.75,69.67,42,19,SW,28.27,0,1007,98,1686855600,-21600
203,Wyoming,Riverton,3,Fri 6/16,Rain,moderate rain,http://openweathermap.org/img/wn/10d@2x.png,49.51,64.36,54,12,E,9.29,0,1017,39,1686942000,-21600
204,Wyoming,Riverton,4,Sat 6/17,Clear,sky is clear,http://openweathermap.org/img/wn/01d@2x.png,52.36,73.96,35,10,SW,0,0,1010,1,1687028400,-21600
205,Wyoming,Riverton,5,Sun 6/18,Clouds,overcast clouds,http://openweathermap.org/img/wn/04d@2x.png,58.75,82.38,24,19,SW,0,0,1004,95,1687114800,-21600
206,Maine,Caribou,1,Wed 6/14,Clouds,overcast clouds,http://openweathermap.org/img/wn/04d@2x.png,58.8,68.45,79,8,SE,0,0,1002,88,1686758400,-14400
207,Maine,Caribou,2,Thu 6/15,Rain,light rain,http://openweathermap.org/img/wn/10d@2x.png,56.26,67.14,78,9,S,5.08,0,999,100,1686844800,-14400
208,Maine,Caribou,3,Fri 6/16,Clouds,broken clouds,http://openweathermap.org/img/wn/04d@2x.png,48.61,71.46,56,7,NE,0,0,1006,78,1686931200,-14400
209,Maine,Caribou,4,Sat 6/17,Rain,light rain,http://openweathermap.org/img/wn/10d@2x.png,48.78,55.44,83,10,NE,1.72,0,1012,100,1687017600,-14400
210,Maine,Caribou,5,Sun 6/18,Rain,light rain,http://openweathermap.org/img/wn/10d@2x.png,46.49,55.8,76,9,NE,0.74,0,1018,100,1687104000,-14400
211,Maine,Gray/Portland,1,Wed 6/14,Rain,light rain,http://openweathermap.org/img/wn/10d@2x.png,55.83,74.73,87,10,SE,2.46,0,1002,100,1686758400,-14400
212,Maine,Gray/Portland,2,Thu 6/15,Rain,light rain,http://openweathermap.org/img/wn/10d@2x.png,53.4,74.07,73,6,NW,3.82,0,999,89,1686844800,-14400
213,Maine,Gray/Portland,3,Fri 6/16,Rain,light rain,http://openweathermap.org/img/wn/10d@2x.png,56.26,75.67,63,7,E,2.47,0,1005,70,1686931200,-14400
214,Maine,Gray/Portland,4,Sat 6/17,Rain,light rain,http://openweathermap.org/img/wn/10d@2x.png,56.62,60.19,97,9,NE,2.21,0,1008,100,1687017600,-14400
215,Maine,Gray/Portland,5,Sun 6/18,Rain,light rain,http://openweathermap.org/img/wn/10d@2x.png,51.53,59.85,86,10,N,0.25,0,1014,100,1687104000,-14400
216,Massachusetts,Boston,1,Wed 6/14,Rain,moderate rain,http://openweathermap.org/img/wn/10d@2x.png,56.8,79.05,45,15,S,2.85,0,1002,54,1686758400,-14400
217,Massachusetts,Boston,2,Thu 6/15,Clouds,scattered clouds,http://openweathermap.org/img/wn/03d@2x.png,55.71,76.01,45,11,W,0,0,1000,26,1686844800,-14400
218,Massachusetts,Boston,3,Fri 6/16,Rain,light rain,http://openweathermap.org/img/wn/10d@2x.png,59.99,82.09,34,11,S,1.32,0,1005,34,1686931200,-14400
219,Massachusetts,Boston,4,Sat 6/17,Rain,moderate rain,http://openweathermap.org/img/wn/10d@2x.png,58.77,70.65,82,9,N,22.15,0,1004,99,1687017600,-14400
220,Massachusetts,Boston,5,Sun 6/18,Rain,light rain,http://openweathermap.org/img/wn/10d@2x.png,56.08,62.26,92,9,N,0.25,0,1013,100,1687104000,-14400
221,New Jersey,Mount Holly/Philadelphia,1,Wed 6/14,Rain,light rain,http://openweathermap.org/img/wn/10d@2x.png,59.81,76.39,51,15,SW,0.17,0,1000,80,1686758400,-14400
222,New Jersey,Mount Holly/Philadelphia,2,Thu 6/15,Clear,sky is clear,http://openweathermap.org/img/wn/01d@2x.png,57,81.27,40,13,W,0,0,1005,0,1686844800,-14400
223,New Jersey,Mount Holly/Philadelphia,3,Fri 6/16,Rain,heavy intensity rain,http://openweathermap.org/img/wn/10d@2x.png,60.85,74.05,74,9,W,11.27,0,1006,100,1686931200,-14400
224,New Jersey,Mount Holly/Philadelphia,4,Sat 6/17,Rain,light rain,http://openweathermap.org/img/wn/10d@2x.png,57.7,73.53,62,11,NW,2.12,0,1006,44,1687021200,-14400
225,New Jersey,Mount Holly/Philadelphia,5,Sun 6/18,Clouds,few clouds,http://openweathermap.org/img/wn/02d@2x.png,59.43,79.54,41,7,E,0,0,1012,24,1687107600,-14400
226,New York,Albany,1,Wed 6/14,Rain,moderate rain,http://openweathermap.org/img/wn/10d@2x.png,53.56,70.72,57,11,S,11.45,0,1000,95,1686758400,-14400
227,New York,Albany,2,Thu 6/15,Rain,light rain,http://openweathermap.org/img/wn/10d@2x.png,55.04,75.49,73,11,W,1.63,0,1003,90,1686844800,-14400
228,New York,Albany,3,Fri 6/16,Rain,light rain,http://openweathermap.org/img/wn/10d@2x.png,54.48,66.31,73,3,SE,5.72,0,1006,100,1686931200,-14400
229,New York,Albany,4,Sat 6/17,Rain,light rain,http://openweathermap.org/img/wn/10d@2x.png,55.87,61.23,98,7,W,5.21,0,1006,100,1687017600,-14400
230,New York,Albany,5,Sun 6/18,Rain,light rain,http://openweathermap.org/img/wn/10d@2x.png,56.35,71.1,76,6,W,4.7,0,1013,98,1687104000,-14400
231,New York,Binghamton,1,Wed 6/14,Rain,moderate rain,http://openweathermap.org/img/wn/10d@2x.png,53.69,58.44,97,10,W,14.24,0,997,100,1686762000,-14400
232,New York,Binghamton,2,Thu 6/15,Rain,light rain,http://openweathermap.org/img/wn/10d@2x.png,53.33,71.87,54,11,NW,0.19,0,1005,50,1686848400,-14400
233,New York,Binghamton,3,Fri 6/16,Rain,moderate rain,http://openweathermap.org/img/wn/10d@2x.png,55.71,66.34,88,7,W,11.78,0,1005,100,1686934800,-14400
234,New York,Binghamton,4,Sat 6/17,Rain,light rain,http://openweathermap.org/img/wn/10d@2x.png,55.35,61.27,80,10,NW,1.81,0,1008,100,1687021200,-14400
235,New York,Binghamton,5,Sun 6/18,Rain,light rain,http://openweathermap.org/img/wn/10d@2x.png,55.44,71.78,61,5,NW,2.31,0,1013,99,1687107600,-14400
236,New York,Buffalo,1,Wed 6/14,Rain,light rain,http://openweathermap.org/img/wn/10d@2x.png,50.31,65.46,77,12,NW,3.37,0,999,99,1686762000,-14400
237,New York,Buffalo,2,Thu 6/15,Rain,light rain,http://openweathermap.org/img/wn/10d@2x.png,51.37,68.02,61,11,SW,0.52,0,1006,59,1686848400,-14400
238,New York,Buffalo,3,Fri 6/16,Rain,moderate rain,http://openweathermap.org/img/wn/10d@2x.png,56.16,66.34,89,7,W,10.47,0,1006,100,1686934800,-14400
239,New York,Buffalo,4,Sat 6/17,Clouds,scattered clouds,http://openweathermap.org/img/wn/03d@2x.png,51.87,71.04,41,12,NW,0,0,1010,42,1687021200,-14400
240,New York,Buffalo,5,Sun 6/18,Clouds,scattered clouds,http://openweathermap.org/img/wn/03d@2x.png,54.7,73.98,49,6,SW,0,0,1013,49,1687107600,-14400
241,New York,New York/Upton,1,Wed 6/14,Rain,moderate rain,http://openweathermap.org/img/wn/10d@2x.png,62.8,69.42,72,19,S,5.54,0,1001,60,1686758400,-14400
242,New York,New York/Upton,2,Thu 6/15,Clouds,few clouds,http://openweathermap.org/img/wn/02d@2x.png,60.53,73.47,60,17,SW,0,0,1003,12,1686844800,-14400
243,New York,New York/Upton,3,Fri 6/16,Rain,moderate rain,http://openweathermap.org/img/wn/10d@2x.png,62.1,72.5,58,13,W,6.5,0,1006,67,1686931200,-14400
244,New York,New York/Upton,4,Sat 6/17,Rain,light rain,http://openweathermap.org/img/wn/10d@2x.png,61.81,69.3,82,15,W,5.38,0,1005,100,1687017600,-14400
245,New York,New York/Upton,5,Sun 6/18,Rain,light rain,http://openweathermap.org/img/wn/10d@2x.png,60.87,65.5,78,12,N,0.2,0,1013,95,1687104000,-14400
246,North Carolina,Newport/Morehead City,1,Wed 6/14,Rain,light rain,http://openweathermap.org/img/wn/10d@2x.png,71.15,83.84,46,21,S,1.8,0,1007,21,1686762000,-14400
247,North Carolina,Newport/Morehead City,2,Thu 6/15,Rain,moderate rain,http://openweathermap.org/img/wn/10d@2x.png,68.22,83.14,48,15,SW,5.25,0,1008,99,1686848400,-14400
248,North Carolina,Newport/Morehead City,3,Fri 6/16,Rain,light rain,http://openweathermap.org/img/wn/10d@2x.png,70.54,82.51,58,15,S,3.55,0,1007,1,1686934800,-14400
249,North Carolina,Newport/Morehead City,4,Sat 6/17,Clouds,broken clouds,http://openweathermap.org/img/wn/04d@2x.png,70.36,84.76,36,7,NW,0,0,1010,74,1687021200,-14400
250,North Carolina,Newport/Morehead City,5,Sun 6/18,Clear,sky is clear,http://openweathermap.org/img/wn/01d@2x.png,69.67,82.2,50,11,SE,0,0,1012,0,1687107600,-14400
251,North Carolina,Raleigh,1,Wed 6/14,Rain,moderate rain,http://openweathermap.org/img/wn/10d@2x.png,62.28,88.43,27,16,W,1.89,0,1006,15,1686762000,-14400
252,North Carolina,Raleigh,2,Thu 6/15,Rain,moderate rain,http://openweathermap.org/img/wn/10d@2x.png,61.43,86.56,38,8,W,3.44,0,1007,13,1686848400,-14400
253,North Carolina,Raleigh,3,Fri 6/16,Rain,light rain,http://openweathermap.org/img/wn/10d@2x.png,65.71,90.57,29,12,W,0.12,0,1007,1,1686934800,-14400
254,North Carolina,Raleigh,4,Sat 6/17,Clouds,overcast clouds,http://openweathermap.org/img/wn/04d@2x.png,63.12,84.4,28,9,W,0,0,1010,100,1687021200,-14400
255,North Carolina,Raleigh,5,Sun 6/18,Clear,sky is clear,http://openweathermap.org/img/wn/01d@2x.png,63.25,89.78,27,10,SE,0,0,1011,0,1687107600,-14400
256,North Carolina,Wilmington,1,Wed 6/14,Rain,light rain,http://openweathermap.org/img/wn/10d@2x.png,71.87,86.45,45,18,SW,0.55,0,1008,26,1686762000,-14400
257,North Carolina,Wilmington,2,Thu 6/15,Rain,light rain,http://openweathermap.org/img/wn/10d@2x.png,65.97,87.13,44,16,SW,1.34,0,1008,98,1686848400,-14400
258,North Carolina,Wilmington,3,Fri 6/16,Rain,moderate rain,http://openweathermap.org/img/wn/10d@2x.png,67.73,88.65,46,13,SW,3.41,0,1008,0,1686934800,-14400
259,North Carolina,Wilmington,4,Sat 6/17,Clouds,broken clouds,http://openweathermap.org/img/wn/04d@2x.png,72.09,87.85,34,8,SW,0,0,1010,81,1687021200,-14400
260,North Carolina,Wilmington,5,Sun 6/18,Clear,sky is clear,http://openweathermap.org/img/wn/01d@2x.png,67.89,83.73,46,10,SE,0,0,1012,0,1687107600,-14400
261,Ohio,Cleveland,1,Wed 6/14,Rain,moderate rain,http://openweathermap.org/img/wn/10d@2x.png,55.35,64.62,65,14,NW,9.5,0,1003,12,1686762000,-14400
262,Ohio,Cleveland,2,Thu 6/15,Rain,moderate rain,http://openweathermap.org/img/wn/10d@2x.png,55.18,68.95,66,14,SW,6.48,0,1007,91,1686848400,-14400
263,Ohio,Cleveland,3,Fri 6/16,Clouds,broken clouds,http://openweathermap.org/img/wn/04d@2x.png,57.34,64.2,73,14,NW,0,0,1010,53,1686934800,-14400
264,Ohio,Cleveland,4,Sat 6/17,Clear,sky is clear,http://openweathermap.org/img/wn/01d@2x.png,57.16,68.31,62,11,W,0,0,1013,0,1687021200,-14400
265,Ohio,Cleveland,5,Sun 6/18,Clear,sky is clear,http://openweathermap.org/img/wn/01d@2x.png,53.74,68.02,43,9,N,0,0,1013,9,1687107600,-14400
266,Ohio,Wilmington,1,Wed 6/14,Rain,moderate rain,http://openweathermap.org/img/wn/10d@2x.png,56.37,67.89,73,18,SW,11.45,0,1005,89,1686762000,-14400
267,Ohio,Wilmington,2,Thu 6/15,Rain,moderate rain,http://openweathermap.org/img/wn/10d@2x.png,53.26,77.4,58,9,N,5.05,0,1008,56,1686848400,-14400
268,Ohio,Wilmington,3,Fri 6/16,Rain,moderate rain,http://openweathermap.org/img/wn/10d@2x.png,54.45,72.03,61,10,N,3.28,0,1011,6,1686934800,-14400
269,Ohio,Wilmington,4,Sat 6/17,Clear,sky is clear,http://openweathermap.org/img/wn/01d@2x.png,54.46,74.41,53,5,NW,0,0,1013,2,1687021200,-14400
270,Ohio,Wilmington,5,Sun 6/18,Clouds,scattered clouds,http://openweathermap.org/img/wn/03d@2x.png,55.98,75.74,51,12,NE,0,0,1011,40,1687107600,-14400
271,Pennsylvania,Pittsburgh,1,Wed 6/14,Rain,heavy intensity rain,http://openweathermap.org/img/wn/10d@2x.png,52.02,69.04,51,14,S,17.68,0,1002,79,1686762000,-14400
272,Pennsylvania,Pittsburgh,2,Thu 6/15,Rain,light rain,http://openweathermap.org/img/wn/10d@2x.png,47.52,75.13,40,6,S,0.25,0,1007,42,1686848400,-14400
273,Pennsylvania,Pittsburgh,3,Fri 6/16,Rain,light rain,http://openweathermap.org/img/wn/10d@2x.png,53.78,69.39,79,12,W,4.41,0,1008,86,1686934800,-14400
274,Pennsylvania,Pittsburgh,4,Sat 6/17,Clear,sky is clear,http://openweathermap.org/img/wn/01d@2x.png,50.07,75.96,32,11,NW,0,0,1011,3,1687021200,-14400
275,Pennsylvania,Pittsburgh,5,Sun 6/18,Clear,sky is clear,http://openweathermap.org/img/wn/01d@2x.png,46.4,77.76,26,4,N,0,0,1012,1,1687107600,-14400
276,Pennsylvania,State College,1,Wed 6/14,Rain,moderate rain,http://openweathermap.org/img/wn/10d@2x.png,53.33,64.78,83,18,SW,17.68,0,999,89,1686762000,-14400
277,Pennsylvania,State College,2,Thu 6/15,Clear,sky is clear,http://openweathermap.org/img/wn/01d@2x.png,47.62,76.86,37,13,W,0,0,1006,5,1686848400,-14400
278,Pennsylvania,State College,3,Fri 6/16,Rain,light rain,http://openweathermap.org/img/wn/10d@2x.png,55.11,67.3,79,11,W,5.55,0,1006,92,1686934800,-14400
279,Pennsylvania,State College,4,Sat 6/17,Clear,sky is clear,http://openweathermap.org/img/wn/01d@2x.png,51.22,76.41,27,13,NW,0,0,1008,8,1687021200,-14400
280,Pennsylvania,State College,5,Sun 6/18,Clouds,few clouds,http://openweathermap.org/img/wn/02d@2x.png,47.91,78.6,38,3,W,0,0,1012,11,1687107600,-14400
281,South Carolina,Charleston,1,Wed 6/14,Rain,moderate rain,http://openweathermap.org/img/wn/10d@2x.png,69.6,79.92,87,16,SW,8.25,0,1013,67,1686762000,-14400
282,South Carolina,Charleston,2,Thu 6/15,Rain,heavy intensity rain,http://openweathermap.org/img/wn/10d@2x.png,66.67,90.03,55,18,SW,19.38,0,1010,66,1686848400,-14400
283,South Carolina,Charleston,3,Fri 6/16,Clear,sky is clear,http://openweathermap.org/img/wn/01d@2x.png,65.16,91.38,48,10,W,0,0,1010,2,1686934800,-14400
284,South Carolina,Charleston,4,Sat 6/17,Rain,heavy intensity rain,http://openweathermap.org/img/wn/10d@2x.png,68,92.01,34,11,NW,21.54,0,1010,93,1687021200,-14400
285,South Carolina,Charleston,5,Sun 6/18,Rain,light rain,http://openweathermap.org/img/wn/10d@2x.png,66.85,87.15,50,8,SE,2.55,0,1011,68,1687107600,-14400
286,South Carolina,Columbia,1,Wed 6/14,Rain,heavy intensity rain,http://openweathermap.org/img/wn/10d@2x.png,65.14,84.52,64,19,SW,26.29,0,1009,80,1686762000,-14400
287,South Carolina,Columbia,2,Thu 6/15,Rain,moderate rain,http://openweathermap.org/img/wn/10d@2x.png,63.36,87.26,45,13,S,3.51,0,1009,4,1686848400,-14400
288,South Carolina,Columbia,3,Fri 6/16,Clear,sky is clear,http://openweathermap.org/img/wn/01d@2x.png,63.75,90.93,38,11,W,0,0,1009,0,1686934800,-14400
289,South Carolina,Columbia,4,Sat 6/17,Rain,moderate rain,http://openweathermap.org/img/wn/10d@2x.png,65.62,86.74,44,10,NW,16.7,0,1010,59,1687021200,-14400
290,South Carolina,Columbia,5,Sun 6/18,Rain,moderate rain,http://openweathermap.org/img/wn/10d@2x.png,64.15,86.61,47,9,SE,5.25,0,1011,59,1687107600,-14400
291,South Carolina,Greenville-Spartanburg,1,Wed 6/14,Rain,heavy intensity rain,http://openweathermap.org/img/wn/10d@2x.png,58.26,84.33,49,18,S,5.09,0,1007,80,1686762000,-14400
292,South Carolina,Greenville-Spartanburg,2,Thu 6/15,Rain,light rain,http://openweathermap.org/img/wn/10d@2x.png,57.83,84.33,38,10,S,0.21,0,1009,6,1686848400,-14400
293,South Carolina,Greenville-Spartanburg,3,Fri 6/16,Clear,sky is clear,http://openweathermap.org/img/wn/01d@2x.png,61.74,86.81,36,11,NW,0,0,1009,5,1686934800,-14400
294,South Carolina,Greenville-Spartanburg,4,Sat 6/17,Rain,light rain,http://openweathermap.org/img/wn/10d@2x.png,64.27,77.5,81,8,S,1.22,0,1012,100,1687021200,-14400
295,South Carolina,Greenville-Spartanburg,5,Sun 6/18,Rain,moderate rain,http://openweathermap.org/img/wn/10d@2x.png,63.73,83.23,47,8,SE,11.47,0,1011,59,1687107600,-14400
296,Vermont,Burlington,1,Wed 6/14,Rain,moderate rain,http://openweathermap.org/img/wn/10d@2x.png,56.79,69.28,69,6,SW,5.82,0,1001,93,1686758400,-14400
297,Vermont,Burlington,2,Thu 6/15,Rain,light rain,http://openweathermap.org/img/wn/10d@2x.png,56.5,69.84,72,7,W,3.05,0,1001,96,1686844800,-14400
298,Vermont,Burlington,3,Fri 6/16,Rain,moderate rain,http://openweathermap.org/img/wn/10d@2x.png,56.61,68.36,77,8,SE,8.97,0,1006,91,1686931200,-14400
299,Vermont,Burlington,4,Sat 6/17,Rain,moderate rain,http://openweathermap.org/img/wn/10d@2x.png,58.42,65.17,86,5,E,10.42,0,1005,92,1687017600,-14400
300,Vermont,Burlington,5,Sun 6/18,Rain,light rain,http://openweathermap.org/img/wn/10d@2x.png,56.32,62.47,89,10,NW,8.03,0,1013,99,1687104000,-14400
301,Virginia,Baltimore/Washington,1,Wed 6/14,Clouds,overcast clouds,http://openweathermap.org/img/wn/04d@2x.png,56.95,78.17,42,19,W,0,0,1001,98,1686762000,-14400
302,Virginia,Baltimore/Washington,2,Thu 6/15,Clear,sky is clear,http://openweathermap.org/img/wn/01d@2x.png,53.29,83.55,30,8,W,0,0,1006,1,1686848400,-14400
303,Virginia,Baltimore/Washington,3,Fri 6/16,Clouds,broken clouds,http://openweathermap.org/img/wn/04d@2x.png,59.31,83.62,40,16,W,0,0,1005,84,1686934800,-14400
304,Virginia,Baltimore/Washington,4,Sat 6/17,Clear,sky is clear,http://openweathermap.org/img/wn/01d@2x.png,58.62,82.2,25,15,NW,0,0,1008,2,1687021200,-14400
305,Virginia,Baltimore/Washington,5,Sun 6/18,Clear,sky is clear,http://openweathermap.org/img/wn/01d@2x.png,55.26,85.42,22,8,NE,0,0,1012,1,1687107600,-14400
306,Virginia,Blacksburg/Roanoke,1,Wed 6/14,Rain,light rain,http://openweathermap.org/img/wn/10d@2x.png,48.43,69.46,54,16,SW,0.34,0,1005,59,1686762000,-14400
307,Virginia,Blacksburg/Roanoke,2,Thu 6/15,Clouds,broken clouds,http://openweathermap.org/img/wn/04d@2x.png,53.87,79.03,45,11,W,0,0,1008,56,1686848400,-14400
308,Virginia,Blacksburg/Roanoke,3,Fri 6/16,Rain,light rain,http://openweathermap.org/img/wn/10d@2x.png,52.79,77.92,55,14,W,0.76,0,1008,24,1686934800,-14400
309,Virginia,Blacksburg/Roanoke,4,Sat 6/17,Clouds,few clouds,http://openweathermap.org/img/wn/02d@2x.png,50.5,76.64,28,10,NW,0,0,1011,11,1687021200,-14400
310,Virginia,Blacksburg/Roanoke,5,Sun 6/18,Clear,sky is clear,http://openweathermap.org/img/wn/01d@2x.png,51.22,82.13,29,7,SE,0,0,1011,0,1687107600,-14400
311,Virginia,Wakefield,1,Wed 6/14,Clear,sky is clear,http://openweathermap.org/img/wn/01d@2x.png,63.03,86.09,27,16,SW,0,0,1004,2,1686762000,-14400
312,Virginia,Wakefield,2,Thu 6/15,Clouds,few clouds,http://openweathermap.org/img/wn/02d@2x.png,62.38,84.47,36,8,E,0,0,1007,14,1686848400,-14400
313,Virginia,Wakefield,3,Fri 6/16,Rain,light rain,http://openweathermap.org/img/wn/10d@2x.png,64.09,88.16,30,16,SW,1.38,0,1005,11,1686934800,-14400
314,Virginia,Wakefield,4,Sat 6/17,Clear,sky is clear,http://openweathermap.org/img/wn/01d@2x.png,59.32,84.61,33,7,NW,0,0,1009,0,1687021200,-14400
315,Virginia,Wakefield,5,Sun 6/18,Clear,sky is clear,http://openweathermap.org/img/wn/01d@2x.png,60.13,88.36,28,11,E,0,0,1011,0,1687107600,-14400
316,West Virginia,Charleston,1,Wed 6/14,Rain,light rain,http://openweathermap.org/img/wn/10d@2x.png,59.34,72.88,54,14,SW,3.23,0,1005,93,1686762000,-14400
317,West Virginia,Charleston,2,Thu 6/15,Clouds,few clouds,http://openweathermap.org/img/wn/02d@2x.png,56.16,81.61,38,6,W,0,0,1008,14,1686848400,-14400
318,West Virginia,Charleston,3,Fri 6/16,Rain,moderate rain,http://openweathermap.org/img/wn/10d@2x.png,58.15,80.78,49,11,NW,7.15,0,1009,78,1686934800,-14400
319,West Virginia,Charleston,4,Sat 6/17,Clear,sky is clear,http://openweathermap.org/img/wn/01d@2x.png,53.65,80.8,33,7,NW,0,0,1012,1,1687021200,-14400
320,West Virginia,Charleston,5,Sun 6/18,Clear,sky is clear,http://openweathermap.org/img/wn/01d@2x.png,54.18,85.98,28,7,NE,0,0,1010,4,1687107600,-14400
321,Guam,Guam,1,Wed 6/14,Rain,light rain,http://openweathermap.org/img/wn/10d@2x.png,80.76,84.38,77,16,NE,0.14,0,1012,4,1686708000,36000
322,Guam,Guam,2,Thu 6/15,Rain,light rain,http://openweathermap.org/img/wn/10d@2x.png,81,84.4,76,16,NE,0.91,0,1010,40,1686794400,36000
323,Guam,Guam,3,Fri 6/16,Rain,light rain,http://openweathermap.org/img/wn/10d@2x.png,80.51,83.91,78,16,NE,4.44,0,1011,91,1686880800,36000
324,Guam,Guam,4,Sat 6/17,Rain,light rain,http://openweathermap.org/img/wn/10d@2x.png,80.94,83.98,77,14,NE,3.24,0,1011,95,1686967200,36000
325,Guam,Guam,5,Sun 6/18,Rain,light rain,http://openweathermap.org/img/wn/10d@2x.png,80.8,83.59,74,13,E,3.03,0,1009,100,1687053600,36000
326,Hawaii,Honolulu,1,Wed 6/14,Rain,light rain,http://openweathermap.org/img/wn/10d@2x.png,73.17,77.22,73,17,NE,2.13,0,1018,17,1686780000,-36000
327,Hawaii,Honolulu,2,Thu 6/15,Rain,light rain,http://openweathermap.org/img/wn/10d@2x.png,74.35,77.49,72,18,NE,1.74,0,1017,21,1686866400,-36000
328,Hawaii,Honolulu,3,Fri 6/16,Rain,light rain,http://openweathermap.org/img/wn/10d@2x.png,74.19,77.31,70,18,NE,1.32,0,1016,12,1686952800,-36000
329,Hawaii,Honolulu,4,Sat 6/17,Rain,light rain,http://openweathermap.org/img/wn/10d@2x.png,73.53,77.65,64,18,NE,0.2,0,1016,5,1687039200,-36000
330,Hawaii,Honolulu,5,Sun 6/18,Rain,light rain,http://openweathermap.org/img/wn/10d@2x.png,74.08,77.09,69,19,NE,2.39,0,1016,10,1687125600,-36000
331,Alabama,Birmingham,1,Wed 6/14,Rain,heavy intensity rain,http://openweathermap.org/img/wn/10d@2x.png,65.79,79.92,90,14,S,39.73,0,1011,100,1686762000,-18000
332,Alabama,Birmingham,2,Thu 6/15,Rain,moderate rain,http://openweathermap.org/img/wn/10d@2x.png,63.97,81.28,90,10,W,18.56,0,1009,91,1686848400,-18000
333,Alabama,Birmingham,3,Fri 6/16,Rain,light rain,http://openweathermap.org/img/wn/10d@2x.png,65.91,90.81,45,15,SW,2.27,0,1013,78,1686934800,-18000
334,Alabama,Birmingham,4,Sat 6/17,Rain,moderate rain,http://openweathermap.org/img/wn/10d@2x.png,66.81,89.8,54,9,SW,7.52,0,1010,71,1687021200,-18000
335,Alabama,Birmingham,5,Sun 6/18,Rain,moderate rain,http://openweathermap.org/img/wn/10d@2x.png,67.91,74.59,93,14,SW,16.76,0,1012,97,1687107600,-18000
336,Alabama,Huntsville,1,Wed 6/14,Rain,moderate rain,http://openweathermap.org/img/wn/10d@2x.png,62.13,79.3,65,15,SW,6.29,0,1008,97,1686762000,-18000
337,Alabama,Huntsville,2,Thu 6/15,Rain,moderate rain,http://openweathermap.org/img/wn/10d@2x.png,61.38,80.11,69,5,W,5.92,0,1009,97,1686848400,-18000
338,Alabama,Huntsville,3,Fri 6/16,Rain,light rain,http://openweathermap.org/img/wn/10d@2x.png,64.98,87.64,50,8,SW,0.17,0,1012,66,1686934800,-18000
339,Alabama,Huntsville,4,Sat 6/17,Rain,light rain,http://openweathermap.org/img/wn/10d@2x.png,66.88,84.69,60,5,SE,7.59,0,1010,70,1687021200,-18000
340,Alabama,Huntsville,5,Sun 6/18,Rain,moderate rain,http://openweathermap.org/img/wn/10d@2x.png,69.01,85.39,65,13,SW,9.22,0,1008,97,1687107600,-18000
341,Alabama,Mobile/Pensacola,1,Wed 6/14,Rain,moderate rain,http://openweathermap.org/img/wn/10d@2x.png,70.07,92.19,59,14,SW,6.3,0,1011,39,1686762000,-18000
342,Alabama,Mobile/Pensacola,2,Thu 6/15,Rain,moderate rain,http://openweathermap.org/img/wn/10d@2x.png,67.55,94.96,47,17,SW,10.66,0,1010,25,1686848400,-18000
343,Alabama,Mobile/Pensacola,3,Fri 6/16,Rain,light rain,http://openweathermap.org/img/wn/10d@2x.png,71.53,95.32,48,12,SW,0.13,0,1013,82,1686934800,-18000
344,Alabama,Mobile/Pensacola,4,Sat 6/17,Rain,moderate rain,http://openweathermap.org/img/wn/10d@2x.png,76.78,94.33,47,13,S,3.63,0,1011,32,1687021200,-18000
345,Alabama,Mobile/Pensacola,5,Sun 6/18,Rain,light rain,http://openweathermap.org/img/wn/10d@2x.png,76.73,95.7,46,15,S,0.81,0,1010,71,1687107600,-18000
346,Arkansas,Little Rock,1,Wed 6/14,Rain,moderate rain,http://openweathermap.org/img/wn/10d@2x.png,67.41,90.64,53,8,NE,17.01,0,1007,57,1686765600,-18000
347,Arkansas,Little Rock,2,Thu 6/15,Rain,moderate rain,http://openweathermap.org/img/wn/10d@2x.png,65.32,91.51,46,6,NW,4.35,0,1008,41,1686852000,-18000
348,Arkansas,Little Rock,3,Fri 6/16,Rain,moderate rain,http://openweathermap.org/img/wn/10d@2x.png,69.21,88.7,57,13,S,4.88,0,1010,99,1686938400,-18000
349,Arkansas,Little Rock,4,Sat 6/17,Rain,light rain,http://openweathermap.org/img/wn/10d@2x.png,70.16,93.74,58,7,E,3.19,0,1009,46,1687024800,-18000
350,Arkansas,Little Rock,5,Sun 6/18,Rain,heavy intensity rain,http://openweathermap.org/img/wn/10d@2x.png,69.94,88.56,47,8,SW,14.09,0,1007,34,1687111200,-18000
351,Florida,Jacksonville,1,Wed 6/14,Clouds,broken clouds,http://openweathermap.org/img/wn/04d@2x.png,74.21,93.13,49,11,SW,0,0,1013,78,1686762000,-14400
352,Florida,Jacksonville,2,Thu 6/15,Rain,heavy intensity rain,http://openweathermap.org/img/wn/10d@2x.png,68.65,95.79,41,14,SW,11.84,0,1011,93,1686848400,-14400
353,Florida,Jacksonville,3,Fri 6/16,Rain,light rain,http://openweathermap.org/img/wn/10d@2x.png,69.17,96.53,37,14,W,1.53,0,1011,4,1686934800,-14400
354,Florida,Jacksonville,4,Sat 6/17,Rain,heavy intensity rain,http://openweathermap.org/img/wn/10d@2x.png,70.05,93.81,40,16,SW,17.4,0,1012,7,1687021200,-14400
355,Florida,Jacksonville,5,Sun 6/18,Rain,moderate rain,http://openweathermap.org/img/wn/10d@2x.png,72.72,94.42,43,10,SW,26.76,0,1011,61,1687107600,-14400
356,Florida,Key West,1,Wed 6/14,Clear,sky is clear,http://openweathermap.org/img/wn/01d@2x.png,83.35,84.24,75,13,SE,0,0,1015,0,1686762000,-14400
357,Florida,Key West,2,Thu 6/15,Clouds,overcast clouds,http://openweathermap.org/img/wn/04d@2x.png,83.08,83.95,77,13,SE,0,0,1015,87,1686848400,-14400
358,Florida,Key West,3,Fri 6/16,Clouds,broken clouds,http://openweathermap.org/img/wn/04d@2x.png,83.52,84.97,72,11,SE,0,0,1016,57,1686934800,-14400
359,Florida,Key West,4,Sat 6/17,Rain,light rain,http://openweathermap.org/img/wn/10d@2x.png,83.52,84.9,72,10,S,2.37,0,1016,41,1687021200,-14400
360,Florida,Key West,5,Sun 6/18,Rain,light rain,http://openweathermap.org/img/wn/10d@2x.png,83.68,84.65,69,9,E,0.68,0,1015,73,1687107600,-14400
361,Florida,Melbourne,1,Wed 6/14,Rain,light rain,http://openweathermap.org/img/wn/10d@2x.png,76.37,91.74,55,10,S,0.68,0,1014,25,1686762000,-14400
362,Florida,Melbourne,2,Thu 6/15,Clouds,broken clouds,http://openweathermap.org/img/wn/04d@2x.png,75.74,93.61,50,13,SW,0,0,1013,75,1686848400,-14400
363,Florida,Melbourne,3,Fri 6/16,Rain,light rain,http://openweathermap.org/img/wn/10d@2x.png,77.63,94.73,49,16,SW,0.84,0,1013,31,1686934800,-14400
364,Florida,Melbourne,4,Sat 6/17,Rain,heavy intensity rain,http://openweathermap.org/img/wn/10d@2x.png,72.97,91.65,52,13,N,47.69,0,1013,61,1687021200,-14400
365,Florida,Melbourne,5,Sun 6/18,Rain,moderate rain,http://openweathermap.org/img/wn/10d@2x.png,73.31,89.44,56,12,SW,7.21,0,1014,100,1687107600,-14400
366,Florida,Miami,1,Wed 6/14,Rain,moderate rain,http://openweathermap.org/img/wn/10d@2x.png,81.59,91.74,53,15,SE,5,0,1015,2,1686762000,-14400
367,Florida,Miami,2,Thu 6/15,Clouds,overcast clouds,http://openweathermap.org/img/wn/04d@2x.png,81.16,92.03,49,14,SE,0,0,1015,100,1686848400,-14400
368,Florida,Miami,3,Fri 6/16,Clouds,overcast clouds,http://openweathermap.org/img/wn/04d@2x.png,81.16,94.93,47,15,SW,0,0,1015,100,1686934800,-14400
369,Florida,Miami,4,Sat 6/17,Rain,light rain,http://openweathermap.org/img/wn/10d@2x.png,81.64,95.38,42,15,SW,0.28,0,1014,44,1687021200,-14400
370,Florida,Miami,5,Sun 6/18,Rain,moderate rain,http://openweathermap.org/img/wn/10d@2x.png,81.19,93,45,10,SW,10.57,0,1014,94,1687107600,-14400
371,Florida,Tallahassee,1,Wed 6/14,Clouds,overcast clouds,http://openweathermap.org/img/wn/04d@2x.png,72.81,93.67,48,13,SW,0,0,1012,100,1686762000,-14400
372,Florida,Tallahassee,2,Thu 6/15,Rain,heavy intensity rain,http://openweathermap.org/img/wn/10d@2x.png,67.5,94.62,44,15,SW,15.48,0,1011,93,1686848400,-14400
373,Florida,Tallahassee,3,Fri 6/16,Rain,heavy intensity rain,http://openweathermap.org/img/wn/10d@2x.png,67.87,94.71,44,16,W,19.39,0,1013,39,1686934800,-14400
374,Florida,Tallahassee,4,Sat 6/17,Rain,heavy intensity rain,http://openweathermap.org/img/wn/10d@2x.png,67.68,82.9,92,9,W,38.93,0,1014,100,1687021200,-14400
375,Florida,Tallahassee,5,Sun 6/18,Rain,heavy intensity rain,http://openweathermap.org/img/wn/10d@2x.png,67.89,84.72,81,16,NW,42.16,0,1012,85,1687107600,-14400
376,Florida,Tampa,1,Wed 6/14,Clouds,few clouds,http://openweathermap.org/img/wn/02d@2x.png,79.83,87.84,61,15,SW,0,0,1015,20,1686762000,-14400
377,Florida,Tampa,2,Thu 6/15,Rain,light rain,http://openweathermap.org/img/wn/10d@2x.png,81.55,87.93,57,15,SW,0.35,0,1014,84,1686848400,-14400
378,Florida,Tampa,3,Fri 6/16,Clouds,few clouds,http://openweathermap.org/img/wn/02d@2x.png,81.63,87.76,61,17,SW,0,0,1015,22,1686934800,-14400
379,Florida,Tampa,4,Sat 6/17,Rain,light rain,http://openweathermap.org/img/wn/10d@2x.png,81.66,87.75,64,17,SW,0.39,0,1015,65,1687021200,-14400
380,Florida,Tampa,5,Sun 6/18,Rain,moderate rain,http://openweathermap.org/img/wn/10d@2x.png,80.71,87.01,65,16,SW,6.76,0,1014,96,1687107600,-14400
381,Georgia,Peachtree City/Atlanta,1,Wed 6/14,Rain,moderate rain,http://openweathermap.org/img/wn/10d@2x.png,65.32,82.53,80,13,SW,12.62,0,1011,100,1686762000,-14400
382,Georgia,Peachtree City/Atlanta,2,Thu 6/15,Rain,heavy intensity rain,http://openweathermap.org/img/wn/10d@2x.png,61.83,80.04,74,11,SW,27.95,0,1010,65,1686848400,-14400
383,Georgia,Peachtree City/Atlanta,3,Fri 6/16,Rain,light rain,http://openweathermap.org/img/wn/10d@2x.png,64.08,89.58,36,9,W,1.08,0,1012,40,1686934800,-14400
384,Georgia,Peachtree City/Atlanta,4,Sat 6/17,Rain,moderate rain,http://openweathermap.org/img/wn/10d@2x.png,65.91,86.7,50,7,SW,8.87,0,1011,81,1687021200,-14400
385,Georgia,Peachtree City/Atlanta,5,Sun 6/18,Rain,light rain,http://openweathermap.org/img/wn/10d@2x.png,66.4,81.95,82,8,SW,3.4,0,1010,93,1687107600,-14400
386,Louisiana,Lake Charles,1,Wed 6/14,Clouds,few clouds,http://openweathermap.org/img/wn/02d@2x.png,76.91,93.85,46,15,S,0,0,1009,17,1686765600,-18000
387,Louisiana,Lake Charles,2,Thu 6/15,Clouds,scattered clouds,http://openweathermap.org/img/wn/03d@2x.png,76.95,94.86,45,16,S,0,0,1009,28,1686852000,-18000
388,Louisiana,Lake Charles,3,Fri 6/16,Clouds,few clouds,http://openweathermap.org/img/wn/02d@2x.png,75.85,95.45,47,16,S,0,0,1011,14,1686938400,-18000
389,Louisiana,Lake Charles,4,Sat 6/17,Clouds,scattered clouds,http://openweathermap.org/img/wn/03d@2x.png,76.95,95.13,49,16,S,0,0,1011,29,1687024800,-18000
390,Louisiana,Lake Charles,5,Sun 6/18,Clouds,broken clouds,http://openweathermap.org/img/wn/04d@2x.png,77.18,96.49,46,18,S,0,0,1010,75,1687111200,-18000
391,Louisiana,New Orleans/Baton Rouge,1,Wed 6/14,Rain,light rain,http://openweathermap.org/img/wn/10d@2x.png,79.77,94.05,59,16,S,0.65,0,1011,80,1686762000,-18000
392,Louisiana,New Orleans/Baton Rouge,2,Thu 6/15,Rain,light rain,http://openweathermap.org/img/wn/10d@2x.png,78.64,94.08,52,14,SW,0.17,0,1010,27,1686848400,-18000
393,Louisiana,New Orleans/Baton Rouge,3,Fri 6/16,Clouds,broken clouds,http://openweathermap.org/img/wn/04d@2x.png,77.99,95.04,56,14,SW,0,0,1013,74,1686934800,-18000
394,Louisiana,New Orleans/Baton Rouge,4,Sat 6/17,Clear,sky is clear,http://openweathermap.org/img/wn/01d@2x.png,80.13,95.05,51,15,SW,0,0,1012,1,1687024800,-18000
395,Louisiana,New Orleans/Baton Rouge,5,Sun 6/18,Clouds,broken clouds,http://openweathermap.org/img/wn/04d@2x.png,79.97,95.88,50,17,SW,0,0,1010,55,1687111200,-18000
396,Louisiana,Shreveport,1,Wed 6/14,Rain,light rain,http://openweathermap.org/img/wn/10d@2x.png,75.25,96.1,53,8,SW,1.7,0,1007,57,1686765600,-18000
397,Louisiana,Shreveport,2,Thu 6/15,Rain,light rain,http://openweathermap.org/img/wn/10d@2x.png,71.67,96.66,45,6,S,0.78,0,1008,0,1686852000,-18000
398,Louisiana,Shreveport,3,Fri 6/16,Clouds,broken clouds,http://openweathermap.org/img/wn/04d@2x.png,76.48,100.76,39,11,S,0,0,1009,62,1686938400,-18000
399,Louisiana,Shreveport,4,Sat 6/17,Rain,light rain,http://openweathermap.org/img/wn/10d@2x.png,75.34,100.49,47,9,SW,0.4,0,1009,63,1687024800,-18000
400,Louisiana,Shreveport,5,Sun 6/18,Clear,sky is clear,http://openweathermap.org/img/wn/01d@2x.png,79.27,101.39,39,12,SW,0,0,1007,4,1687111200,-18000
401,Mississippi,Jackson,1,Wed 6/14,Rain,very heavy rain,http://openweathermap.org/img/wn/10d@2x.png,65.91,95.97,49,17,NW,45.33,0,1008,45,1686765600,-18000
402,Mississippi,Jackson,2,Thu 6/15,Rain,moderate rain,http://openweathermap.org/img/wn/10d@2x.png,66.7,92.05,79,12,SW,9.94,0,1009,44,1686852000,-18000
403,Mississippi,Jackson,3,Fri 6/16,Rain,moderate rain,http://openweathermap.org/img/wn/10d@2x.png,70.97,86.02,81,10,E,8.82,0,1013,100,1686938400,-18000
404,Mississippi,Jackson,4,Sat 6/17,Rain,light rain,http://openweathermap.org/img/wn/10d@2x.png,71.28,96.04,48,11,W,1.18,0,1010,5,1687024800,-18000
405,Mississippi,Jackson,5,Sun 6/18,Rain,moderate rain,http://openweathermap.org/img/wn/10d@2x.png,73.94,96.8,52,11,SW,11.82,0,1008,68,1687111200,-18000
406,New Mexico,Albuquerque,1,Wed 6/14,Clear,sky is clear,http://openweathermap.org/img/wn/01d@2x.png,56.14,85.8,16,13,SW,0,0,1008,0,1686769200,-21600
407,New Mexico,Albuquerque,2,Thu 6/15,Clear,sky is clear,http://openweathermap.org/img/wn/01d@2x.png,61.93,84.54,12,19,SW,0,0,1007,2,1686855600,-21600
408,New Mexico,Albuquerque,3,Fri 6/16,Clouds,scattered clouds,http://openweathermap.org/img/wn/03d@2x.png,62.4,87.22,15,27,SW,0,0,1011,33,1686942000,-21600
409,New Mexico,Albuquerque,4,Sat 6/17,Clear,sky is clear,http://openweathermap.org/img/wn/01d@2x.png,63.14,87.03,9,19,W,0,0,1012,1,1687028400,-21600
410,New Mexico,Albuquerque,5,Sun 6/18,Clouds,scattered clouds,http://openweathermap.org/img/wn/03d@2x.png,63.43,90.21,9,21,SW,0,0,1012,34,1687114800,-21600
411,Oklahoma,Norman/Oklahoma City,1,Wed 6/14,Rain,light rain,http://openweathermap.org/img/wn/10d@2x.png,67.89,86.85,55,9,W,0.13,0,1007,0,1686765600,-18000
412,Oklahoma,Norman/Oklahoma City,2,Thu 6/15,Rain,moderate rain,http://openweathermap.org/img/wn/10d@2x.png,66.38,91.02,41,12,E,1.26,0,1007,0,1686852000,-18000
413,Oklahoma,Norman/Oklahoma City,3,Fri 6/16,Rain,moderate rain,http://openweathermap.org/img/wn/10d@2x.png,67.41,88.88,57,14,SE,1.02,0,1007,11,1686938400,-18000
414,Oklahoma,Norman/Oklahoma City,4,Sat 6/17,Rain,light rain,http://openweathermap.org/img/wn/10d@2x.png,68.79,88.83,52,10,NE,2.06,0,1009,58,1687024800,-18000
415,Oklahoma,Norman/Oklahoma City,5,Sun 6/18,Rain,moderate rain,http://openweathermap.org/img/wn/10d@2x.png,64.02,87.04,51,11,N,6.96,0,1009,0,1687111200,-18000
416,Oklahoma,Tulsa,1,Wed 6/14,Rain,moderate rain,http://openweathermap.org/img/wn/10d@2x.png,65.68,86.4,59,8,NE,7.95,0,1006,58,1686765600,-18000
417,Oklahoma,Tulsa,2,Thu 6/15,Rain,light rain,http://openweathermap.org/img/wn/10d@2x.png,64.33,87.46,57,7,NE,0.81,0,1008,0,1686852000,-18000
418,Oklahoma,Tulsa,3,Fri 6/16,Rain,heavy intensity rain,http://openweathermap.org/img/wn/10d@2x.png,65.44,80.98,74,15,N,9.55,0,1009,96,1686938400,-18000
419,Oklahoma,Tulsa,4,Sat 6/17,Rain,moderate rain,http://openweathermap.org/img/wn/10d@2x.png,66.56,88.25,54,16,N,9.32,0,1010,67,1687024800,-18000
420,Oklahoma,Tulsa,5,Sun 6/18,Rain,light rain,http://openweathermap.org/img/wn/10d@2x.png,63.52,84.29,57,9,NW,2.52,0,1009,0,1687111200,-18000
421,Puerto Rico,San Juan,1,Wed 6/14,Rain,light rain,http://openweathermap.org/img/wn/10d@2x.png,79.23,88.23,65,15,E,0.8,0,1016,42,1686758400,-14400
422,Puerto Rico,San Juan,2,Thu 6/15,Rain,light rain,http://openweathermap.org/img/wn/10d@2x.png,78.64,88.18,65,17,E,0.39,0,1017,43,1686844800,-14400
423,Puerto Rico,San Juan,3,Fri 6/16,Clouds,overcast clouds,http://openweathermap.org/img/wn/04d@2x.png,78.67,87.57,66,17,E,0,0,1017,100,1686931200,-14400
424,Puerto Rico,San Juan,4,Sat 6/17,Rain,light rain,http://openweathermap.org/img/wn/10d@2x.png,78.6,86.68,65,17,E,0.53,0,1018,100,1687017600,-14400
425,Puerto Rico,San Juan,5,Sun 6/18,Rain,light rain,http://openweathermap.org/img/wn/10d@2x.png,77.99,88.16,51,15,E,0.3,0,1016,87,1687104000,-14400
426,Tennessee,Memphis,1,Wed 6/14,Rain,moderate rain,http://openweathermap.org/img/wn/10d@2x.png,68.05,82.4,82,9,S,5.09,0,1008,95,1686762000,-18000
427,Tennessee,Memphis,2,Thu 6/15,Rain,moderate rain,http://openweathermap.org/img/wn/10d@2x.png,65.7,85.6,62,6,S,4.9,0,1008,54,1686848400,-18000
428,Tennessee,Memphis,3,Fri 6/16,Rain,light rain,http://openweathermap.org/img/wn/10d@2x.png,69.04,89.22,54,10,S,0.26,0,1011,99,1686938400,-18000
429,Tennessee,Memphis,4,Sat 6/17,Rain,moderate rain,http://openweathermap.org/img/wn/10d@2x.png,68.9,88.25,60,6,N,10.27,0,1009,20,1687024800,-18000
430,Tennessee,Memphis,5,Sun 6/18,Rain,heavy intensity rain,http://openweathermap.org/img/wn/10d@2x.png,68.16,85.82,59,14,SW,19.46,0,1007,76,1687111200,-18000
431,Tennessee,Morristown/Knoxville,1,Wed 6/14,Rain,light rain,http://openweathermap.org/img/wn/10d@2x.png,54.48,82.65,42,15,SW,1.78,0,1007,1,1686762000,-14400
432,Tennessee,Morristown/Knoxville,2,Thu 6/15,Rain,light rain,http://openweathermap.org/img/wn/10d@2x.png,54.59,80.53,54,7,SW,0.31,0,1009,89,1686848400,-14400
433,Tennessee,Morristown/Knoxville,3,Fri 6/16,Clear,sky is clear,http://openweathermap.org/img/wn/01d@2x.png,58.87,82.26,43,10,W,0,0,1010,7,1686934800,-14400
434,Tennessee,Morristown/Knoxville,4,Sat 6/17,Clouds,overcast clouds,http://openweathermap.org/img/wn/04d@2x.png,57.11,81.46,49,7,NE,0,0,1012,100,1687021200,-14400
435,Tennessee,Morristown/Knoxville,5,Sun 6/18,Rain,moderate rain,http://openweathermap.org/img/wn/10d@2x.png,56.84,83.95,48,7,NE,6.9,0,1009,39,1687107600,-14400
436,Tennessee,Nashville,1,Wed 6/14,Rain,light rain,http://openweathermap.org/img/wn/10d@2x.png,62.31,81.09,45,11,SW,2.64,0,1007,27,1686762000,-18000
437,Tennessee,Nashville,2,Thu 6/15,Clouds,scattered clouds,http://openweathermap.org/img/wn/03d@2x.png,61.45,87.64,44,8,NW,0,0,1009,42,1686848400,-18000
438,Tennessee,Nashville,3,Fri 6/16,Clouds,few clouds,http://openweathermap.org/img/wn/02d@2x.png,67.24,89.69,37,10,NW,0,0,1011,16,1686934800,-18000
439,Tennessee,Nashville,4,Sat 6/17,Rain,moderate rain,http://openweathermap.org/img/wn/10d@2x.png,67.26,85.33,50,6,NE,5.37,0,1010,84,1687021200,-18000
440,Tennessee,Nashville,5,Sun 6/18,Rain,moderate rain,http://openweathermap.org/img/wn/10d@2x.png,66.07,80.69,74,8,S,8.79,0,1007,100,1687107600,-18000
441,Texas,Amarillo,1,Wed 6/14,Rain,light rain,http://openweathermap.org/img/wn/10d@2x.png,57.94,82.27,33,11,W,0.52,0,1009,0,1686765600,-18000
442,Texas,Amarillo,2,Thu 6/15,Clouds,scattered clouds,http://openweathermap.org/img/wn/03d@2x.png,63.1,92.17,22,19,SW,0,0,1005,30,1686852000,-18000
443,Texas,Amarillo,3,Fri 6/16,Clear,sky is clear,http://openweathermap.org/img/wn/01d@2x.png,61.68,88.66,33,13,NW,0,0,1010,0,1686938400,-18000
444,Texas,Amarillo,4,Sat 6/17,Clouds,overcast clouds,http://openweathermap.org/img/wn/04d@2x.png,65.34,93.38,30,25,SW,0,0,1009,99,1687024800,-18000
445,Texas,Amarillo,5,Sun 6/18,Clouds,scattered clouds,http://openweathermap.org/img/wn/03d@2x.png,62.53,90.32,26,16,SE,0,0,1011,49,1687111200,-18000
446,Texas,Austin/San Antonio,1,Wed 6/14,Clouds,overcast clouds,http://openweathermap.org/img/wn/04d@2x.png,77.22,99.03,49,15,SE,0,0,1007,94,1686765600,-18000
447,Texas,Austin/San Antonio,2,Thu 6/15,Clouds,broken clouds,http://openweathermap.org/img/wn/04d@2x.png,75.7,101.97,40,14,E,0,0,1007,73,1686852000,-18000
448,Texas,Austin/San Antonio,3,Fri 6/16,Clear,sky is clear,http://openweathermap.org/img/wn/01d@2x.png,73.22,104.79,38,16,SE,0,0,1009,5,1686938400,-18000
449,Texas,Austin/San Antonio,4,Sat 6/17,Clouds,broken clouds,http://openweathermap.org/img/wn/04d@2x.png,76.01,103.53,36,15,S,0,0,1010,77,1687024800,-18000
450,Texas,Austin/San Antonio,5,Sun 6/18,Clear,sky is clear,http://openweathermap.org/img/wn/01d@2x.png,74.41,106.92,29,16,S,0,0,1007,2,1687111200,-18000
451,Texas,Brownsville,1,Wed 6/14,Clouds,broken clouds,http://openweathermap.org/img/wn/04d@2x.png,80.42,96.06,45,25,SE,0,0,1007,76,1686765600,-18000
452,Texas,Brownsville,2,Thu 6/15,Clear,sky is clear,http://openweathermap.org/img/wn/01d@2x.png,80.42,96.84,44,22,SE,0,0,1007,4,1686852000,-18000
453,Texas,Brownsville,3,Fri 6/16,Clear,sky is clear,http://openweathermap.org/img/wn/01d@2x.png,79.81,97.84,42,20,SE,0,0,1009,7,1686938400,-18000
454,Texas,Brownsville,4,Sat 6/17,Clouds,broken clouds,http://openweathermap.org/img/wn/04d@2x.png,80.46,98.17,45,20,SE,0,0,1010,64,1687024800,-18000
455,Texas,Brownsville,5,Sun 6/18,Clear,sky is clear,http://openweathermap.org/img/wn/01d@2x.png,80.92,98.08,39,24,SE,0,0,1009,4,1687111200,-18000
456,Texas,Corpus Christi,1,Wed 6/14,Clouds,broken clouds,http://openweathermap.org/img/wn/04d@2x.png,80.1,99.14,44,21,SE,0,0,1006,60,1686765600,-18000
457,Texas,Corpus Christi,2,Thu 6/15,Clouds,scattered clouds,http://openweathermap.org/img/wn/03d@2x.png,79.61,98.8,45,20,SE,0,0,1007,29,1686852000,-18000
458,Texas,Corpus Christi,3,Fri 6/16,Clear,sky is clear,http://openweathermap.org/img/wn/01d@2x.png,79.05,101.43,40,20,SE,0,0,1009,7,1686938400,-18000
459,Texas,Corpus Christi,4,Sat 6/17,Clouds,broken clouds,http://openweathermap.org/img/wn/04d@2x.png,78.6,100.24,43,18,SE,0,0,1010,56,1687024800,-18000
460,Texas,Corpus Christi,5,Sun 6/18,Clear,sky is clear,http://openweathermap.org/img/wn/01d@2x.png,78.42,101.05,38,22,SE,0,0,1008,10,1687111200,-18000
461,Texas,El Paso,1,Wed 6/14,Clouds,few clouds,http://openweathermap.org/img/wn/02d@2x.png,66.76,92.19,8,17,SW,0,0,1008,11,1686769200,-21600
462,Texas,El Paso,2,Thu 6/15,Clear,sky is clear,http://openweathermap.org/img/wn/01d@2x.png,68.05,94.32,7,28,SW,0,0,1008,0,1686855600,-21600
463,Texas,El Paso,3,Fri 6/16,Clouds,few clouds,http://openweathermap.org/img/wn/02d@2x.png,68.11,95.07,7,16,SW,0,0,1011,20,1686942000,-21600
464,Texas,El Paso,4,Sat 6/17,Clouds,overcast clouds,http://openweathermap.org/img/wn/04d@2x.png,75.36,95.43,11,20,W,0,0,1012,96,1687028400,-21600
465,Texas,El Paso,5,Sun 6/18,Clouds,scattered clouds,http://openweathermap.org/img/wn/03d@2x.png,73.15,98.4,8,13,SW,0,0,1010,27,1687114800,-21600
466,Texas,Fort Worth-Dallas,1,Wed 6/14,Rain,moderate rain,http://openweathermap.org/img/wn/10d@2x.png,73.13,86.77,89,9,NW,3.06,0,1007,96,1686765600,-18000
467,Texas,Fort Worth-Dallas,2,Thu 6/15,Clear,sky is clear,http://openweathermap.org/img/wn/01d@2x.png,73.36,95.7,58,19,SE,0,0,1007,7,1686852000,-18000
468,Texas,Fort Worth-Dallas,3,Fri 6/16,Clear,sky is clear,http://openweathermap.org/img/wn/01d@2x.png,78.1,101.55,30,18,S,0,0,1006,0,1686938400,-18000
469,Texas,Fort Worth-Dallas,4,Sat 6/17,Clouds,overcast clouds,http://openweathermap.org/img/wn/04d@2x.png,76.39,96.51,45,11,SE,0,0,1009,100,1687024800,-18000
470,Texas,Fort Worth-Dallas,5,Sun 6/18,Clouds,few clouds,http://openweathermap.org/img/wn/02d@2x.png,77.27,95.5,44,11,S,0,0,1008,24,1687111200,-18000
471,Texas,Houston/Galveston,1,Wed 6/14,Clouds,scattered clouds,http://openweathermap.org/img/wn/03d@2x.png,78.46,91.4,54,16,S,0,0,1008,27,1686765600,-18000
472,Texas,Houston/Galveston,2,Thu 6/15,Clear,sky is clear,http://openweathermap.org/img/wn/01d@2x.png,79.77,92.26,56,17,SE,0,0,1009,9,1686852000,-18000
473,Texas,Houston/Galveston,3,Fri 6/16,Clear,sky is clear,http://openweathermap.org/img/wn/01d@2x.png,79.32,94.68,49,18,S,0,0,1010,2,1686938400,-18000
474,Texas,Houston/Galveston,4,Sat 6/17,Clouds,scattered clouds,http://openweathermap.org/img/wn/03d@2x.png,79.88,95.85,48,18,S,0,0,1011,42,1687024800,-18000
475,Texas,Houston/Galveston,5,Sun 6/18,Clouds,broken clouds,http://openweathermap.org/img/wn/04d@2x.png,79.54,96.19,47,20,S,0,0,1009,54,1687111200,-18000
476,Texas,Lubbock,1,Wed 6/14,Clouds,few clouds,http://openweathermap.org/img/wn/02d@2x.png,65.55,92.32,29,12,E,0,0,1008,18,1686765600,-18000
477,Texas,Lubbock,2,Thu 6/15,Clear,sky is clear,http://openweathermap.org/img/wn/01d@2x.png,68.52,97.23,10,24,SW,0,0,1005,0,1686852000,-18000
478,Texas,Lubbock,3,Fri 6/16,Clear,sky is clear,http://openweathermap.org/img/wn/01d@2x.png,69.89,96.06,18,12,W,0,0,1009,0,1686938400,-18000
479,Texas,Lubbock,4,Sat 6/17,Clouds,broken clouds,http://openweathermap.org/img/wn/04d@2x.png,73.71,97.05,20,20,SW,0,0,1009,79,1687024800,-18000
480,Texas,Lubbock,5,Sun 6/18,Clouds,few clouds,http://openweathermap.org/img/wn/02d@2x.png,67.37,94.84,21,11,N,0,0,1011,11,1687111200,-18000
481,Texas,Midland/Odessa,1,Wed 6/14,Clouds,broken clouds,http://openweathermap.org/img/wn/04d@2x.png,69.37,96.94,8,13,W,0,0,1006,55,1686765600,-18000
482,Texas,Midland/Odessa,2,Thu 6/15,Clouds,broken clouds,http://openweathermap.org/img/wn/04d@2x.png,77.25,101.17,7,21,SW,0,0,1006,70,1686852000,-18000
483,Texas,Midland/Odessa,3,Fri 6/16,Clear,sky is clear,http://openweathermap.org/img/wn/01d@2x.png,77.16,102.81,6,18,W,0,0,1008,0,1686938400,-18000
484,Texas,Midland/Odessa,4,Sat 6/17,Clouds,overcast clouds,http://openweathermap.org/img/wn/04d@2x.png,83.68,103.23,10,12,S,0,0,1009,86,1687024800,-18000
485,Texas,Midland/Odessa,5,Sun 6/18,Clouds,scattered clouds,http://openweathermap.org/img/wn/03d@2x.png,77.85,100.58,21,15,NE,0,0,1009,36,1687111200,-18000
486,Texas,San Angelo,1,Wed 6/14,Clouds,scattered clouds,http://openweathermap.org/img/wn/03d@2x.png,72.43,101.1,14,12,W,0,0,1005,38,1686765600,-18000
487,Texas,San Angelo,2,Thu 6/15,Clouds,broken clouds,http://openweathermap.org/img/wn/04d@2x.png,72.14,106.59,17,16,SW,0,0,1005,72,1686852000,-18000
488,Texas,San Angelo,3,Fri 6/16,Clear,sky is clear,http://openweathermap.org/img/wn/01d@2x.png,79.05,107.22,7,16,SW,0,0,1007,0,1686938400,-18000
489,Texas,San Angelo,4,Sat 6/17,Rain,light rain,http://openweathermap.org/img/wn/10d@2x.png,83.91,102.96,13,10,SW,0.37,0,1008,99,1687024800,-18000
490,Texas,San Angelo,5,Sun 6/18,Clear,sky is clear,http://openweathermap.org/img/wn/01d@2x.png,80.01,102.83,28,15,E,0,0,1008,10,1687111200,-18000
491,Arizona,Flagstaff,1,Wed 6/14,Clear,sky is clear,http://openweathermap.org/img/wn/01d@2x.png,42.37,72.99,18,17,S,0,0,1010,2,1686769200,-25200
492,Arizona,Flagstaff,2,Thu 6/15,Clear,sky is clear,http://openweathermap.org/img/wn/01d@2x.png,47.5,73.6,19,14,SW,0,0,1010,1,1686855600,-25200
493,Arizona,Flagstaff,3,Fri 6/16,Clear,sky is clear,http://openweathermap.org/img/wn/01d@2x.png,49.73,74.39,15,17,SW,0,0,1014,0,1686942000,-25200
494,Arizona,Flagstaff,4,Sat 6/17,Clear,sky is clear,http://openweathermap.org/img/wn/01d@2x.png,49.57,77.76,12,13,SW,0,0,1014,2,1687028400,-25200
495,Arizona,Flagstaff,5,Sun 6/18,Clear,sky is clear,http://openweathermap.org/img/wn/01d@2x.png,51.06,77.05,12,24,S,0,0,1013,0,1687114800,-25200
496,Arizona,Phoenix,1,Wed 6/14,Clear,sky is clear,http://openweathermap.org/img/wn/01d@2x.png,71.53,96.46,16,14,SW,0,0,1008,0,1686769200,-25200
497,Arizona,Phoenix,2,Thu 6/15,Clear,sky is clear,http://openweathermap.org/img/wn/01d@2x.png,75.79,96.37,10,8,S,0,0,1008,0,1686855600,-25200
498,Arizona,Phoenix,3,Fri 6/16,Clear,sky is clear,http://openweathermap.org/img/wn/01d@2x.png,79.36,102.88,8,21,SW,0,0,1009,0,1686942000,-25200
499,Arizona,Phoenix,4,Sat 6/17,Clear,sky is clear,http://openweathermap.org/img/wn/01d@2x.png,79.39,101.98,9,9,SW,0,0,1011,0,1687028400,-25200
500,Arizona,Phoenix,5,Sun 6/18,Clouds,scattered clouds,http://openweathermap.org/img/wn/03d@2x.png,82.9,103.87,6,20,SW,0,0,1009,45,1687114800,-25200
501,Arizona,Tucson,1,Wed 6/14,Clear,sky is clear,http://openweathermap.org/img/wn/01d@2x.png,65.59,96.04,12,18,SW,0,0,1009,0,1686769200,-25200
502,Arizona,Tucson,2,Thu 6/15,Clear,sky is clear,http://openweathermap.org/img/wn/01d@2x.png,73,94.15,6,15,W,0,0,1009,0,1686855600,-25200
503,Arizona,Tucson,3,Fri 6/16,Clear,sky is clear,http://openweathermap.org/img/wn/01d@2x.png,74.77,98.82,8,19,SW,0,0,1011,7,1686942000,-25200
504,Arizona,Tucson,4,Sat 6/17,Clouds,broken clouds,http://openweathermap.org/img/wn/04d@2x.png,79.02,99.82,9,18,SW,0,0,1012,61,1687028400,-25200
505,Arizona,Tucson,5,Sun 6/18,Clouds,overcast clouds,http://openweathermap.org/img/wn/04d@2x.png,81.91,101.12,9,17,W,0,0,1011,89,1687114800,-25200
506,California,Eureka,1,Wed 6/14,Clouds,overcast clouds,http://openweathermap.org/img/wn/04d@2x.png,52.23,60.19,70,17,NW,0,0,1015,100,1686772800,-25200
507,California,Eureka,2,Thu 6/15,Clouds,broken clouds,http://openweathermap.org/img/wn/04d@2x.png,50.49,62.42,60,15,NW,0,0,1015,63,1686859200,-25200
508,California,Eureka,3,Fri 6/16,Clouds,broken clouds,http://openweathermap.org/img/wn/04d@2x.png,52.83,65.62,61,10,NW,0,0,1015,73,1686945600,-25200
509,California,Eureka,4,Sat 6/17,Clouds,overcast clouds,http://openweathermap.org/img/wn/04d@2x.png,52.32,58.93,82,10,NW,0,0,1017,95,1687032000,-25200
510,California,Eureka,5,Sun 6/18,Clouds,broken clouds,http://openweathermap.org/img/wn/04d@2x.png,51.76,57.2,61,10,NW,0,0,1016,56,1687118400,-25200
511,California,Los Angeles/Oxnard,1,Wed 6/14,Clouds,broken clouds,http://openweathermap.org/img/wn/04d@2x.png,57.31,65.77,75,11,SW,0,0,1014,74,1686769200,-25200
512,California,Los Angeles/Oxnard,2,Thu 6/15,Clouds,overcast clouds,http://openweathermap.org/img/wn/04d@2x.png,61.09,65.41,81,9,SW,0,0,1014,87,1686855600,-25200
513,California,Los Angeles/Oxnard,3,Fri 6/16,Clouds,broken clouds,http://openweathermap.org/img/wn/04d@2x.png,60.71,66.79,73,11,SW,0,0,1014,73,1686942000,-25200
514,California,Los Angeles/Oxnard,4,Sat 6/17,Clouds,few clouds,http://openweathermap.org/img/wn/02d@2x.png,61.75,69.22,71,10,SW,0,0,1015,20,1687028400,-25200
515,California,Los Angeles/Oxnard,5,Sun 6/18,Clear,sky is clear,http://openweathermap.org/img/wn/01d@2x.png,61.36,67.91,73,10,SW,0,0,1014,4,1687114800,-25200
516,California,Sacramento,1,Wed 6/14,Clear,sky is clear,http://openweathermap.org/img/wn/01d@2x.png,57.92,89.29,35,11,S,0,0,1010,2,1686772800,-25200
517,California,Sacramento,2,Thu 6/15,Clouds,overcast clouds,http://openweathermap.org/img/wn/04d@2x.png,57.33,91.98,28,11,S,0,0,1009,99,1686859200,-25200
518,California,Sacramento,3,Fri 6/16,Clouds,scattered clouds,http://openweathermap.org/img/wn/03d@2x.png,58.8,94.98,23,12,S,0,0,1011,39,1686945600,-25200
519,California,Sacramento,4,Sat 6/17,Clear,sky is clear,http://openweathermap.org/img/wn/01d@2x.png,59.36,89.28,22,13,S,0,0,1010,9,1687032000,-25200
520,California,Sacramento,5,Sun 6/18,Clear,sky is clear,http://openweathermap.org/img/wn/01d@2x.png,56.82,81.14,18,16,S,0,0,1010,10,1687118400,-25200
521,California,San Diego,1,Wed 6/14,Clear,sky is clear,http://openweathermap.org/img/wn/01d@2x.png,59,72.59,53,12,SW,0,0,1013,0,1686769200,-25200
522,California,San Diego,2,Thu 6/15,Clear,sky is clear,http://openweathermap.org/img/wn/01d@2x.png,59.76,74.1,57,12,SW,0,0,1013,6,1686855600,-25200
523,California,San Diego,3,Fri 6/16,Clouds,few clouds,http://openweathermap.org/img/wn/02d@2x.png,59.22,76.19,53,11,W,0,0,1013,11,1686942000,-25200
524,California,San Diego,4,Sat 6/17,Clear,sky is clear,http://openweathermap.org/img/wn/01d@2x.png,61.18,78.31,51,11,W,0,0,1014,0,1687028400,-25200
525,California,San Diego,5,Sun 6/18,Clear,sky is clear,http://openweathermap.org/img/wn/01d@2x.png,61.79,78.49,45,11,SW,0,0,1013,0,1687114800,-25200
526,California,San Francisco Bay Area/Monterey,1,Wed 6/14,Clouds,scattered clouds,http://openweathermap.org/img/wn/03d@2x.png,55.9,63.99,75,9,SW,0,0,1014,47,1686772800,-25200
527,California,San Francisco Bay Area/Monterey,2,Thu 6/15,Clouds,few clouds,http://openweathermap.org/img/wn/02d@2x.png,55.58,63.97,75,10,SW,0,0,1013,14,1686859200,-25200
528,California,San Francisco Bay Area/Monterey,3,Fri 6/16,Clouds,scattered clouds,http://openweathermap.org/img/wn/03d@2x.png,56.34,65.25,75,9,SW,0,0,1015,33,1686945600,-25200
529,California,San Francisco Bay Area/Monterey,4,Sat 6/17,Clouds,scattered clouds,http://openweathermap.org/img/wn/03d@2x.png,56.34,66.47,71,10,W,0,0,1015,27,1687032000,-25200
530,California,San Francisco Bay Area/Monterey,5,Sun 6/18,Clear,sky is clear,http://openweathermap.org/img/wn/01d@2x.png,53.15,61,64,15,W,0,0,1016,10,1687118400,-25200
531,California,San Joaquin Valley/Hanford,1,Wed 6/14,Clouds,overcast clouds,http://openweathermap.org/img/wn/04d@2x.png,64.56,94.23,30,9,W,0,0,1010,87,1686769200,-25200
532,California,San Joaquin Valley/Hanford,2,Thu 6/15,Clouds,scattered clouds,http://openweathermap.org/img/wn/03d@2x.png,62.76,96.28,27,8,NW,0,0,1009,29,1686855600,-25200
533,California,San Joaquin Valley/Hanford,3,Fri 6/16,Clear,sky is clear,http://openweathermap.org/img/wn/01d@2x.png,62.17,97.36,27,9,NW,0,0,1011,10,1686942000,-25200
534,California,San Joaquin Valley/Hanford,4,Sat 6/17,Clear,sky is clear,http://openweathermap.org/img/wn/01d@2x.png,63.93,101.12,21,11,NW,0,0,1012,7,1687028400,-25200
535,California,San Joaquin Valley/Hanford,5,Sun 6/18,Clouds,scattered clouds,http://openweathermap.org/img/wn/03d@2x.png,63.01,95.7,18,22,NW,0,0,1011,34,1687114800,-25200
536,Idaho,Boise,1,Wed 6/14,Clear,sky is clear,http://openweathermap.org/img/wn/01d@2x.png,55.6,73.38,27,15,W,0,0,1011,3,1686769200,-21600
537,Idaho,Boise,2,Thu 6/15,Clear,sky is clear,http://openweathermap.org/img/wn/01d@2x.png,47.66,73.11,33,15,W,0,0,1013,0,1686855600,-21600
538,Idaho,Boise,3,Fri 6/16,Clear,sky is clear,http://openweathermap.org/img/wn/01d@2x.png,51.98,76.98,34,11,W,0,0,1016,6,1686942000,-21600
539,Idaho,Boise,4,Sat 6/17,Clouds,overcast clouds,http://openweathermap.org/img/wn/04d@2x.png,60.84,84.25,24,11,W,0,0,1009,97,1687028400,-21600
540,Idaho,Boise,5,Sun 6/18,Rain,light rain,http://openweathermap.org/img/wn/10d@2x.png,63.41,71.35,50,12,NW,0.68,0,1003,99,1687114800,-21600
541,Idaho,Pocatello,1,Wed 6/14,Rain,light rain,http://openweathermap.org/img/wn/10d@2x.png,51.4,66.18,57,21,SW,1.47,0,1009,30,1686769200,-21600
542,Idaho,Pocatello,2,Thu 6/15,Clouds,scattered clouds,http://openweathermap.org/img/wn/03d@2x.png,47.25,63.28,40,10,SE,0,0,1012,34,1686855600,-21600
543,Idaho,Pocatello,3,Fri 6/16,Rain,light rain,http://openweathermap.org/img/wn/10d@2x.png,46.4,67.86,50,8,W,0.89,0,1016,9,1686942000,-21600
544,Idaho,Pocatello,4,Sat 6/17,Clouds,broken clouds,http://openweathermap.org/img/wn/04d@2x.png,49.48,73.74,40,12,SW,0,0,1012,83,1687028400,-21600
545,Idaho,Pocatello,5,Sun 6/18,Clouds,overcast clouds,http://openweathermap.org/img/wn/04d@2x.png,56.86,71.28,45,18,S,0,0,1004,100,1687114800,-21600
546,Montana,Billings,1,Wed 6/14,Rain,moderate rain,http://openweathermap.org/img/wn/10d@2x.png,57.27,77.67,40,18,N,6.46,0,1001,97,1686769200,-21600
547,Montana,Billings,2,Thu 6/15,Rain,light rain,http://openweathermap.org/img/wn/10d@2x.png,51.98,67.98,50,16,NE,0.31,0,1011,100,1686855600,-21600
548,Montana,Billings,3,Fri 6/16,Rain,light rain,http://openweathermap.org/img/wn/10d@2x.png,53.01,70.54,37,11,E,0.8,0,1016,89,1686942000,-21600
549,Montana,Billings,4,Sat 6/17,Rain,light rain,http://openweathermap.org/img/wn/10d@2x.png,52.93,75.87,38,13,SW,1.24,0,1007,37,1687028400,-21600
550,Montana,Billings,5,Sun 6/18,Rain,light rain,http://openweathermap.org/img/wn/10d@2x.png,56.55,81,34,14,S,0.38,0,1000,89,1687114800,-21600
551,Montana,Glasgow,1,Wed 6/14,Rain,moderate rain,http://openweathermap.org/img/wn/10d@2x.png,57.29,78.4,40,21,W,4.68,0,1001,85,1686769200,-21600
552,Montana,Glasgow,2,Thu 6/15,Clear,sky is clear,http://openweathermap.org/img/wn/01d@2x.png,52.93,69.51,42,19,W,0,0,1011,9,1686855600,-21600
553,Montana,Glasgow,3,Fri 6/16,Clear,sky is clear,http://openweathermap.org/img/wn/01d@2x.png,51.19,73.99,37,10,E,0,0,1016,3,1686942000,-21600
554,Montana,Glasgow,4,Sat 6/17,Rain,light rain,http://openweathermap.org/img/wn/10d@2x.png,58.1,77.34,35,15,S,0.32,0,1006,7,1687028400,-21600
555,Montana,Glasgow,5,Sun 6/18,Rain,light rain,http://openweathermap.org/img/wn/10d@2x.png,60.12,81.55,40,14,N,2.52,0,1002,89,1687114800,-21600
556,Montana,Great Falls,1,Wed 6/14,Rain,light rain,http://openweathermap.org/img/wn/10d@2x.png,49.6,69.24,36,23,SW,0.22,0,1004,0,1686769200,-21600
557,Montana,Great Falls,2,Thu 6/15,Rain,light rain,http://openweathermap.org/img/wn/10d@2x.png,44.69,64.94,49,8,NE,0.28,0,1014,57,1686855600,-21600
558,Montana,Great Falls,3,Fri 6/16,Clear,sky is clear,http://openweathermap.org/img/wn/01d@2x.png,46.69,75.47,39,11,S,0,0,1012,5,1686942000,-21600
559,Montana,Great Falls,4,Sat 6/17,Rain,light rain,http://openweathermap.org/img/wn/10d@2x.png,51.96,72.25,42,11,SW,0.38,0,1006,100,1687028400,-21600
560,Montana,Great Falls,5,Sun 6/18,Rain,light rain,http://openweathermap.org/img/wn/10d@2x.png,53.92,67.21,63,10,SE,2.18,0,1001,100,1687114800,-21600
561,Montana,Missoula,1,Wed 6/14,Rain,light rain,http://openweathermap.org/img/wn/10d@2x.png,46.29,65.41,32,14,W,0.52,0,1006,85,1686769200,-21600
562,Montana,Missoula,2,Thu 6/15,Clouds,overcast clouds,http://openweathermap.org/img/wn/04d@2x.png,42.1,64.72,50,5,NW,0,0,1015,95,1686855600,-21600
563,Montana,Missoula,3,Fri 6/16,Clear,sky is clear,http://openweathermap.org/img/wn/01d@2x.png,43.81,75.61,32,8,W,0,0,1015,7,1686942000,-21600
564,Montana,Missoula,4,Sat 6/17,Rain,light rain,http://openweathermap.org/img/wn/10d@2x.png,51.28,68.58,42,6,W,1.83,0,1008,100,1687028400,-21600
565,Montana,Missoula,5,Sun 6/18,Rain,light rain,http://openweathermap.org/img/wn/10d@2x.png,50.11,65.59,59,5,NW,3.36,0,1003,100,1687114800,-21600
566,Nevada,Elko,1,Wed 6/14,Rain,light rain,http://openweathermap.org/img/wn/10d@2x.png,53.42,74.05,43,16,W,0.6,0,1009,7,1686769200,-25200
567,Nevada,Elko,2,Thu 6/15,Clear,sky is clear,http://openweathermap.org/img/wn/01d@2x.png,51.49,68.59,25,16,W,0,0,1010,0,1686855600,-25200
568,Nevada,Elko,3,Fri 6/16,Clear,sky is clear,http://openweathermap.org/img/wn/01d@2x.png,46.99,70.7,29,6,N,0,0,1016,6,1686942000,-25200
569,Nevada,Elko,4,Sat 6/17,Clouds,scattered clouds,http://openweathermap.org/img/wn/03d@2x.png,53.26,78.08,27,14,SW,0,0,1012,47,1687028400,-25200
570,Nevada,Elko,5,Sun 6/18,Clouds,overcast clouds,http://openweathermap.org/img/wn/04d@2x.png,57.87,81.09,26,24,SW,0,0,1003,97,1687114800,-25200
571,Nevada,Las Vegas,1,Wed 6/14,Clouds,few clouds,http://openweathermap.org/img/wn/02d@2x.png,73.71,91.98,16,10,SW,0,0,1007,12,1686769200,-25200
572,Nevada,Las Vegas,2,Thu 6/15,Clouds,overcast clouds,http://openweathermap.org/img/wn/04d@2x.png,74.23,92.86,20,17,SW,0,0,1006,88,1686855600,-25200
573,Nevada,Las Vegas,3,Fri 6/16,Rain,light rain,http://openweathermap.org/img/wn/10d@2x.png,72.75,89.44,25,13,N,0.57,0,1010,76,1686942000,-25200
574,Nevada,Las Vegas,4,Sat 6/17,Clear,sky is clear,http://openweathermap.org/img/wn/01d@2x.png,74.89,97.65,19,15,SW,0,0,1010,8,1687028400,-25200
575,Nevada,Las Vegas,5,Sun 6/18,Clear,sky is clear,http://openweathermap.org/img/wn/01d@2x.png,77.34,95.18,18,28,SW,0,0,1006,0,1687114800,-25200
576,Nevada,Reno,1,Wed 6/14,Clear,sky is clear,http://openweathermap.org/img/wn/01d@2x.png,54.7,80.37,35,18,W,0,0,1009,7,1686769200,-25200
577,Nevada,Reno,2,Thu 6/15,Clouds,broken clouds,http://openweathermap.org/img/wn/04d@2x.png,58.14,76.06,27,11,N,0,0,1011,81,1686855600,-25200
578,Nevada,Reno,3,Fri 6/16,Clouds,overcast clouds,http://openweathermap.org/img/wn/04d@2x.png,58.46,77.88,20,6,N,0,0,1015,98,1686942000,-25200
579,Nevada,Reno,4,Sat 6/17,Clouds,scattered clouds,http://openweathermap.org/img/wn/03d@2x.png,61.18,82.63,19,21,SW,0,0,1009,40,1687032000,-25200
580,Nevada,Reno,5,Sun 6/18,Clouds,broken clouds,http://openweathermap.org/img/wn/04d@2x.png,55.42,73.24,26,23,SW,0,0,1005,78,1687118400,-25200
581,Oregon,Medford,1,Wed 6/14,Clouds,overcast clouds,http://openweathermap.org/img/wn/04d@2x.png,49.51,73.9,32,12,NW,0,0,1016,100,1686772800,-25200
582,Oregon,Medford,2,Thu 6/15,Clouds,overcast clouds,http://openweathermap.org/img/wn/04d@2x.png,42.48,76.68,26,9,NW,0,0,1017,85,1686859200,-25200
583,Oregon,Medford,3,Fri 6/16,Clouds,broken clouds,http://openweathermap.org/img/wn/04d@2x.png,49.59,85.21,26,12,NW,0,0,1016,59,1686945600,-25200
584,Oregon,Medford,4,Sat 6/17,Clouds,overcast clouds,http://openweathermap.org/img/wn/04d@2x.png,53.58,77.61,39,11,NW,0,0,1012,97,1687032000,-25200
585,Oregon,Medford,5,Sun 6/18,Clear,sky is clear,http://openweathermap.org/img/wn/01d@2x.png,42.15,69.93,21,17,W,0,0,1008,8,1687118400,-25200
586,Oregon,Pendleton,1,Wed 6/14,Clear,sky is clear,http://openweathermap.org/img/wn/01d@2x.png,50.9,68.31,30,23,SW,0,0,1013,0,1686769200,-25200
587,Oregon,Pendleton,2,Thu 6/15,Clear,sky is clear,http://openweathermap.org/img/wn/01d@2x.png,47.84,76.46,33,12,S,0,0,1016,7,1686855600,-25200
588,Oregon,Pendleton,3,Fri 6/16,Clouds,scattered clouds,http://openweathermap.org/img/wn/03d@2x.png,55.98,85.32,26,14,SW,0,0,1015,33,1686942000,-25200
589,Oregon,Pendleton,4,Sat 6/17,Clouds,overcast clouds,http://openweathermap.org/img/wn/04d@2x.png,57.92,76.82,45,22,SW,0,0,1011,100,1687028400,-25200
590,Oregon,Pendleton,5,Sun 6/18,Clouds,broken clouds,http://openweathermap.org/img/wn/04d@2x.png,50.7,69.75,33,17,W,0,0,1007,79,1687114800,-25200
591,Oregon,Portland,1,Wed 6/14,Clouds,overcast clouds,http://openweathermap.org/img/wn/04d@2x.png,48.81,68.58,46,11,NW,0,0,1019,100,1686772800,-25200
592,Oregon,Portland,2,Thu 6/15,Clouds,overcast clouds,http://openweathermap.org/img/wn/04d@2x.png,44.6,75.78,42,9,NW,0,0,1021,100,1686859200,-25200
593,Oregon,Portland,3,Fri 6/16,Clouds,overcast clouds,http://openweathermap.org/img/wn/04d@2x.png,47.71,77.22,53,10,NW,0,0,1020,93,1686945600,-25200
594,Oregon,Portland,4,Sat 6/17,Rain,light rain,http://openweathermap.org/img/wn/10d@2x.png,51.39,67.69,51,9,NW,0.4,0,1016,100,1687032000,-25200
595,Oregon,Portland,5,Sun 6/18,Rain,light rain,http://openweathermap.org/img/wn/10d@2x.png,45.55,58.93,52,9,SW,4.84,0,1011,96,1687118400,-25200
596,Utah,Salt Lake City,1,Wed 6/14,Rain,moderate rain,http://openweathermap.org/img/wn/10d@2x.png,59.4,74.32,44,9,SE,3.89,0,1008,100,1686769200,-21600
597,Utah,Salt Lake City,2,Thu 6/15,Rain,light rain,http://openweathermap.org/img/wn/10d@2x.png,56.68,71.58,52,11,NW,6.89,0,1010,99,1686855600,-21600
598,Utah,Salt Lake City,3,Fri 6/16,Clear,sky is clear,http://openweathermap.org/img/wn/01d@2x.png,53.15,71.92,37,10,W,0,0,1014,8,1686942000,-21600
599,Utah,Salt Lake City,4,Sat 6/17,Clouds,scattered clouds,http://openweathermap.org/img/wn/03d@2x.png,55.18,77.92,32,6,E,0,0,1013,31,1687028400,-21600
600,Utah,Salt Lake City,5,Sun 6/18,Clouds,overcast clouds,http://openweathermap.org/img/wn/04d@2x.png,63.18,86.65,27,22,S,0,0,1005,88,1687114800,-21600
601,Washington,Seattle,1,Wed 6/14,Clouds,overcast clouds,http://openweathermap.org/img/wn/04d@2x.png,50.99,67.06,49,8,S,0,0,1018,97,1686772800,-25200
602,Washington,Seattle,2,Thu 6/15,Clouds,broken clouds,http://openweathermap.org/img/wn/04d@2x.png,45.39,74.46,42,6,S,0,0,1020,77,1686859200,-25200
603,Washington,Seattle,3,Fri 6/16,Clouds,broken clouds,http://openweathermap.org/img/wn/04d@2x.png,47.93,72.23,45,8,S,0,0,1018,78,1686945600,-25200
604,Washington,Seattle,4,Sat 6/17,Rain,light rain,http://openweathermap.org/img/wn/10d@2x.png,49.51,60.24,66,9,N,1.16,0,1016,90,1687032000,-25200
605,Washington,Seattle,5,Sun 6/18,Rain,light rain,http://openweathermap.org/img/wn/10d@2x.png,47.43,57.85,63,8,S,7.1,0,1010,88,1687118400,-25200
606,Washington,Spokane,1,Wed 6/14,Rain,light rain,http://openweathermap.org/img/wn/10d@2x.png,52.38,66.72,39,16,SW,0.42,0,1009,15,1686769200,-25200
607,Washington,Spokane,2,Thu 6/15,Clouds,few clouds,http://openweathermap.org/img/wn/02d@2x.png,49.35,69.57,43,7,S,0,0,1016,17,1686855600,-25200
608,Washington,Spokane,3,Fri 6/16,Clouds,scattered clouds,http://openweathermap.org/img/wn/03d@2x.png,51.06,76.66,34,11,SW,0,0,1015,25,1686942000,-25200
609,Washington,Spokane,4,Sat 6/17,Clouds,broken clouds,http://openweathermap.org/img/wn/04d@2x.png,57.7,74.28,44,16,S,0,0,1008,79,1687028400,-25200
610,Washington,Spokane,5,Sun 6/18,Clouds,scattered clouds,http://openweathermap.org/img/wn/03d@2x.png,50.5,66.45,27,14,S,0,0,1005,49,1687114800,-25200
